sku,name,brand,silo,level,category,surface,price,color,sizes,description,badge,angle1 (main),angle2,angle3,angle4,angle5,angle6
GK-CMP-001,Puma Future Ultimate FG #1,Puma,Agilidade,Club,Chuteiras,FG,21500,Triple Black,"35, 36, 37, 38, 39, 40, 41, 42, 43, 44, 45, 46",Edição Club desenhada para tração elite e controlo superior no relvado FG. Tamanhos disponíveis do 35 ao 46.,Stock Verificado,https://goldenkicks.co.mz/assets/PRODUCTS/campo/gk-cmp-001-1.png,https://goldenkicks.co.mz/assets/PRODUCTS/campo/gk-cmp-001-2.png,https://goldenkicks.co.mz/assets/PRODUCTS/campo/gk-cmp-001-3.png,https://goldenkicks.co.mz/assets/PRODUCTS/campo/gk-cmp-001-4.png,https://goldenkicks.co.mz/assets/PRODUCTS/campo/gk-cmp-001-5.png,https://goldenkicks.co.mz/assets/PRODUCTS/campo/gk-cmp-001-6.png
GK-CMP-002,Puma Future Ultimate FG #2,Puma,Agilidade,Club,Chuteiras,FG,8900,Navy / Volt,"35, 36, 37, 38, 39, 40, 41, 42, 43, 44, 45, 46",Edição Club desenhada para tração elite e controlo superior no relvado FG. Tamanhos disponíveis do 35 ao 46.,Stock Verificado,https://goldenkicks.co.mz/assets/PRODUCTS/campo/gk-cmp-002-1.png,https://goldenkicks.co.mz/assets/PRODUCTS/campo/gk-cmp-002-2.png,https://goldenkicks.co.mz/assets/PRODUCTS/campo/gk-cmp-002-3.png,https://goldenkicks.co.mz/assets/PRODUCTS/campo/gk-cmp-002-4.png,https://goldenkicks.co.mz/assets/PRODUCTS/campo/gk-cmp-002-5.png,https://goldenkicks.co.mz/assets/PRODUCTS/campo/gk-cmp-002-6.png
GK-CMP-003,Joma Top Flex Rebound AG #3,Joma,Clássico,Club,Chuteiras,AG,12500,Black / Gold,"35, 36, 37, 38, 39, 40, 41, 42, 43, 44, 45, 46",Edição Club desenhada para tração elite e controlo superior no relvado AG. Tamanhos disponíveis do 35 ao 46.,Stock Verificado,https://goldenkicks.co.mz/assets/PRODUCTS/campo/gk-cmp-003-1.png,https://goldenkicks.co.mz/assets/PRODUCTS/campo/gk-cmp-003-2.png,https://goldenkicks.co.mz/assets/PRODUCTS/campo/gk-cmp-003-3.png,https://goldenkicks.co.mz/assets/PRODUCTS/campo/gk-cmp-003-4.png,https://goldenkicks.co.mz/assets/PRODUCTS/campo/gk-cmp-003-5.png,https://goldenkicks.co.mz/assets/PRODUCTS/campo/gk-cmp-003-6.png
GK-CMP-004,Adidas Predator Elite IN #7,Adidas,Precisão,Pro,Chuteiras,IN,6800,Volt / Silver,"35, 36, 37, 38, 39, 40, 41, 42, 43, 44, 45, 46",Edição Pro desenhada para tração elite e controlo superior no relvado IN. Tamanhos disponíveis do 35 ao 46.,Mais Vendido,https://goldenkicks.co.mz/assets/PRODUCTS/campo/gk-cmp-004-1.png,https://goldenkicks.co.mz/assets/PRODUCTS/campo/gk-cmp-004-2.png,https://goldenkicks.co.mz/assets/PRODUCTS/campo/gk-cmp-004-3.png,https://goldenkicks.co.mz/assets/PRODUCTS/campo/gk-cmp-004-4.png,https://goldenkicks.co.mz/assets/PRODUCTS/campo/gk-cmp-004-5.png,https://goldenkicks.co.mz/assets/PRODUCTS/campo/gk-cmp-004-6.png
GK-CMP-005,Joma Top Flex Rebound FG #10,Joma,Clássico,Club,Chuteiras,FG,15800,Crimson / Bone,"35, 36, 37, 38, 39, 40, 41, 42, 43, 44, 45, 46",Edição Club desenhada para tração elite e controlo superior no relvado FG. Tamanhos disponíveis do 35 ao 46.,Edição Especial,https://goldenkicks.co.mz/assets/PRODUCTS/campo/gk-cmp-005-1.png,https://goldenkicks.co.mz/assets/PRODUCTS/campo/gk-cmp-005-2.png,https://goldenkicks.co.mz/assets/PRODUCTS/campo/gk-cmp-005-3.png,https://goldenkicks.co.mz/assets/PRODUCTS/campo/gk-cmp-005-4.png,https://goldenkicks.co.mz/assets/PRODUCTS/campo/gk-cmp-005-5.png,https://goldenkicks.co.mz/assets/PRODUCTS/campo/gk-cmp-005-6.png
GK-CMP-006,Puma Ultra Ultimate FG #12,Puma,Velocidade,Academy,Chuteiras,FG,19200,Triple Black,"35, 36, 37, 38, 39, 40, 41, 42, 43, 44, 45, 46",Edição Academy desenhada para tração elite e controlo superior no relvado FG. Tamanhos disponíveis do 35 ao 46.,Stock Verificado,https://goldenkicks.co.mz/assets/PRODUCTS/campo/gk-cmp-006-1.png,https://goldenkicks.co.mz/assets/PRODUCTS/campo/gk-cmp-006-2.png,https://goldenkicks.co.mz/assets/PRODUCTS/campo/gk-cmp-006-3.png,https://goldenkicks.co.mz/assets/PRODUCTS/campo/gk-cmp-006-4.png,https://goldenkicks.co.mz/assets/PRODUCTS/campo/gk-cmp-006-5.png,https://goldenkicks.co.mz/assets/PRODUCTS/campo/gk-cmp-006-6.png
GK-CMP-007,Joma Top Flex Rebound MG #13,Joma,Clássico,Elite,Chuteiras,MG,15800,Crimson / Bone,"35, 36, 37, 38, 39, 40, 41, 42, 43, 44, 45, 46",Edição Elite desenhada para tração elite e controlo superior no relvado MG. Tamanhos disponíveis do 35 ao 46.,Stock Verificado,https://goldenkicks.co.mz/assets/PRODUCTS/campo/gk-cmp-007-1.png,https://goldenkicks.co.mz/assets/PRODUCTS/campo/gk-cmp-007-2.png,https://goldenkicks.co.mz/assets/PRODUCTS/campo/gk-cmp-007-3.png,https://goldenkicks.co.mz/assets/PRODUCTS/campo/gk-cmp-007-4.png,https://goldenkicks.co.mz/assets/PRODUCTS/campo/gk-cmp-007-5.png,https://goldenkicks.co.mz/assets/PRODUCTS/campo/gk-cmp-007-6.png
GK-CMP-008,New Balance Tekela V4 Pro HG #17,New Balance,Controlo,Elite,Chuteiras,HG,19200,Phantom / Gold,"35, 36, 37, 38, 39, 40, 41, 42, 43, 44, 45, 46",Edição Elite desenhada para tração elite e controlo superior no relvado HG. Tamanhos disponíveis do 35 ao 46.,Stock Verificado,https://goldenkicks.co.mz/assets/PRODUCTS/campo/gk-cmp-008-1.png,https://goldenkicks.co.mz/assets/PRODUCTS/campo/gk-cmp-008-2.png,https://goldenkicks.co.mz/assets/PRODUCTS/campo/gk-cmp-008-3.png,https://goldenkicks.co.mz/assets/PRODUCTS/campo/gk-cmp-008-4.png,https://goldenkicks.co.mz/assets/PRODUCTS/campo/gk-cmp-008-5.png,https://goldenkicks.co.mz/assets/PRODUCTS/campo/gk-cmp-008-6.png
GK-CMP-009,Nike Phantom GX 2 SG #21,Nike,Controlo,Club,Chuteiras,SG,4500,Volt / Silver,"35, 36, 37, 38, 39, 40, 41, 42, 43, 44, 45, 46",Edição Club desenhada para tração elite e controlo superior no relvado SG. Tamanhos disponíveis do 35 ao 46.,Mais Vendido,https://goldenkicks.co.mz/assets/PRODUCTS/campo/gk-cmp-009-1.png,https://goldenkicks.co.mz/assets/PRODUCTS/campo/gk-cmp-009-2.png,https://goldenkicks.co.mz/assets/PRODUCTS/campo/gk-cmp-009-3.png,https://goldenkicks.co.mz/assets/PRODUCTS/campo/gk-cmp-009-4.png,https://goldenkicks.co.mz/assets/PRODUCTS/campo/gk-cmp-009-5.png,https://goldenkicks.co.mz/assets/PRODUCTS/campo/gk-cmp-009-6.png
GK-CMP-010,Adidas F50 League HG #22,Adidas,Velocidade,Elite,Chuteiras,HG,19200,Volt / Silver,"35, 36, 37, 38, 39, 40, 41, 42, 43, 44, 45, 46",Edição Elite desenhada para tração elite e controlo superior no relvado HG. Tamanhos disponíveis do 35 ao 46.,Stock Verificado,https://goldenkicks.co.mz/assets/PRODUCTS/campo/gk-cmp-010-1.png,https://goldenkicks.co.mz/assets/PRODUCTS/campo/gk-cmp-010-2.png,https://goldenkicks.co.mz/assets/PRODUCTS/campo/gk-cmp-010-3.png,https://goldenkicks.co.mz/assets/PRODUCTS/campo/gk-cmp-010-4.png,https://goldenkicks.co.mz/assets/PRODUCTS/campo/gk-cmp-010-5.png,https://goldenkicks.co.mz/assets/PRODUCTS/campo/gk-cmp-010-6.png
GK-CMP-011,Mizuno Morelia Neo IV IN #28,Mizuno,Clássico,Club,Chuteiras,IN,21500,White / Gold,"35, 36, 37, 38, 39, 40, 41, 42, 43, 44, 45, 46",Edição Club desenhada para tração elite e controlo superior no relvado IN. Tamanhos disponíveis do 35 ao 46.,Mais Vendido,https://goldenkicks.co.mz/assets/PRODUCTS/campo/gk-cmp-011-1.png,https://goldenkicks.co.mz/assets/PRODUCTS/campo/gk-cmp-011-2.png,https://goldenkicks.co.mz/assets/PRODUCTS/campo/gk-cmp-011-3.png,https://goldenkicks.co.mz/assets/PRODUCTS/campo/gk-cmp-011-4.png,https://goldenkicks.co.mz/assets/PRODUCTS/campo/gk-cmp-011-5.png,https://goldenkicks.co.mz/assets/PRODUCTS/campo/gk-cmp-011-6.png
GK-CMP-012,Nike Mercurial Vapor 16 AG #29,Nike,Velocidade,Pro,Chuteiras,AG,12500,Black / Gold,"35, 36, 37, 38, 39, 40, 41, 42, 43, 44, 45, 46",Edição Pro desenhada para tração elite e controlo superior no relvado AG. Tamanhos disponíveis do 35 ao 46.,Stock Verificado,https://goldenkicks.co.mz/assets/PRODUCTS/campo/gk-cmp-012-1.png,https://goldenkicks.co.mz/assets/PRODUCTS/campo/gk-cmp-012-2.png,https://goldenkicks.co.mz/assets/PRODUCTS/campo/gk-cmp-012-3.png,https://goldenkicks.co.mz/assets/PRODUCTS/campo/gk-cmp-012-4.png,https://goldenkicks.co.mz/assets/PRODUCTS/campo/gk-cmp-012-5.png,https://goldenkicks.co.mz/assets/PRODUCTS/campo/gk-cmp-012-6.png
GK-CMP-013,Puma Ultra Ultimate IN #30,Puma,Velocidade,Elite,Chuteiras,IN,21500,White / Gold,"35, 36, 37, 38, 39, 40, 41, 42, 43, 44, 45, 46",Edição Elite desenhada para tração elite e controlo superior no relvado IN. Tamanhos disponíveis do 35 ao 46.,Edição Especial,https://goldenkicks.co.mz/assets/PRODUCTS/campo/gk-cmp-013-1.png,https://goldenkicks.co.mz/assets/PRODUCTS/campo/gk-cmp-013-2.png,https://goldenkicks.co.mz/assets/PRODUCTS/campo/gk-cmp-013-3.png,https://goldenkicks.co.mz/assets/PRODUCTS/campo/gk-cmp-013-4.png,https://goldenkicks.co.mz/assets/PRODUCTS/campo/gk-cmp-013-5.png,https://goldenkicks.co.mz/assets/PRODUCTS/campo/gk-cmp-013-6.png
GK-CMP-014,Nike Mercurial Vapor 16 SG #32,Nike,Velocidade,Pro,Chuteiras,SG,21500,White / Gold,"35, 36, 37, 38, 39, 40, 41, 42, 43, 44, 45, 46",Edição Pro desenhada para tração elite e controlo superior no relvado SG. Tamanhos disponíveis do 35 ao 46.,Stock Verificado,https://goldenkicks.co.mz/assets/PRODUCTS/campo/gk-cmp-014-1.png,https://goldenkicks.co.mz/assets/PRODUCTS/campo/gk-cmp-014-2.png,https://goldenkicks.co.mz/assets/PRODUCTS/campo/gk-cmp-014-3.png,https://goldenkicks.co.mz/assets/PRODUCTS/campo/gk-cmp-014-4.png,https://goldenkicks.co.mz/assets/PRODUCTS/campo/gk-cmp-014-5.png,https://goldenkicks.co.mz/assets/PRODUCTS/campo/gk-cmp-014-6.png
GK-CMP-015,Nike Mercurial Vapor 16 IN #33,Nike,Velocidade,Elite,Chuteiras,IN,15800,Crimson / Bone,"35, 36, 37, 38, 39, 40, 41, 42, 43, 44, 45, 46",Edição Elite desenhada para tração elite e controlo superior no relvado IN. Tamanhos disponíveis do 35 ao 46.,Stock Verificado,https://goldenkicks.co.mz/assets/PRODUCTS/campo/gk-cmp-015-1.png,https://goldenkicks.co.mz/assets/PRODUCTS/campo/gk-cmp-015-2.png,https://goldenkicks.co.mz/assets/PRODUCTS/campo/gk-cmp-015-3.png,https://goldenkicks.co.mz/assets/PRODUCTS/campo/gk-cmp-015-4.png,https://goldenkicks.co.mz/assets/PRODUCTS/campo/gk-cmp-015-5.png,https://goldenkicks.co.mz/assets/PRODUCTS/campo/gk-cmp-015-6.png
GK-CMP-016,New Balance Furon V7 Pro HG #34,New Balance,Velocidade,Club,Chuteiras,HG,12500,Phantom / Gold,"35, 36, 37, 38, 39, 40, 41, 42, 43, 44, 45, 46",Edição Club desenhada para tração elite e controlo superior no relvado HG. Tamanhos disponíveis do 35 ao 46.,Stock Verificado,https://goldenkicks.co.mz/assets/PRODUCTS/campo/gk-cmp-016-1.png,https://goldenkicks.co.mz/assets/PRODUCTS/campo/gk-cmp-016-2.png,https://goldenkicks.co.mz/assets/PRODUCTS/campo/gk-cmp-016-3.png,https://goldenkicks.co.mz/assets/PRODUCTS/campo/gk-cmp-016-4.png,https://goldenkicks.co.mz/assets/PRODUCTS/campo/gk-cmp-016-5.png,https://goldenkicks.co.mz/assets/PRODUCTS/campo/gk-cmp-016-6.png
GK-CMP-017,Joma Top Flex Rebound AG #35,Joma,Clássico,Elite,Chuteiras,AG,8900,White / Gold,"35, 36, 37, 38, 39, 40, 41, 42, 43, 44, 45, 46",Edição Elite desenhada para tração elite e controlo superior no relvado AG. Tamanhos disponíveis do 35 ao 46.,Mais Vendido,https://goldenkicks.co.mz/assets/PRODUCTS/campo/gk-cmp-017-1.png,https://goldenkicks.co.mz/assets/PRODUCTS/campo/gk-cmp-017-2.png,https://goldenkicks.co.mz/assets/PRODUCTS/campo/gk-cmp-017-3.png,https://goldenkicks.co.mz/assets/PRODUCTS/campo/gk-cmp-017-4.png,https://goldenkicks.co.mz/assets/PRODUCTS/campo/gk-cmp-017-5.png,https://goldenkicks.co.mz/assets/PRODUCTS/campo/gk-cmp-017-6.png
GK-CMP-018,Adidas F50 League AG #36,Adidas,Velocidade,Pro,Chuteiras,AG,21500,Crimson / Bone,"35, 36, 37, 38, 39, 40, 41, 42, 43, 44, 45, 46",Edição Pro desenhada para tração elite e controlo superior no relvado AG. Tamanhos disponíveis do 35 ao 46.,Stock Verificado,https://goldenkicks.co.mz/assets/PRODUCTS/campo/gk-cmp-018-1.png,https://goldenkicks.co.mz/assets/PRODUCTS/campo/gk-cmp-018-2.png,https://goldenkicks.co.mz/assets/PRODUCTS/campo/gk-cmp-018-3.png,https://goldenkicks.co.mz/assets/PRODUCTS/campo/gk-cmp-018-4.png,https://goldenkicks.co.mz/assets/PRODUCTS/campo/gk-cmp-018-5.png,https://goldenkicks.co.mz/assets/PRODUCTS/campo/gk-cmp-018-6.png
GK-CMP-019,Nike Mercurial Vapor 16 IN #37,Nike,Velocidade,Academy,Chuteiras,IN,8900,Navy / Volt,"35, 36, 37, 38, 39, 40, 41, 42, 43, 44, 45, 46",Edição Academy desenhada para tração elite e controlo superior no relvado IN. Tamanhos disponíveis do 35 ao 46.,Stock Verificado,https://goldenkicks.co.mz/assets/PRODUCTS/campo/gk-cmp-019-1.png,https://goldenkicks.co.mz/assets/PRODUCTS/campo/gk-cmp-019-2.png,https://goldenkicks.co.mz/assets/PRODUCTS/campo/gk-cmp-019-3.png,https://goldenkicks.co.mz/assets/PRODUCTS/campo/gk-cmp-019-4.png,https://goldenkicks.co.mz/assets/PRODUCTS/campo/gk-cmp-019-5.png,https://goldenkicks.co.mz/assets/PRODUCTS/campo/gk-cmp-019-6.png
GK-CMP-020,Mizuno Morelia Neo IV IN #38,Mizuno,Clássico,Pro,Chuteiras,IN,8900,Black / Gold,"35, 36, 37, 38, 39, 40, 41, 42, 43, 44, 45, 46",Edição Pro desenhada para tração elite e controlo superior no relvado IN. Tamanhos disponíveis do 35 ao 46.,Stock Verificado,https://goldenkicks.co.mz/assets/PRODUCTS/campo/gk-cmp-020-1.png,https://goldenkicks.co.mz/assets/PRODUCTS/campo/gk-cmp-020-2.png,https://goldenkicks.co.mz/assets/PRODUCTS/campo/gk-cmp-020-3.png,https://goldenkicks.co.mz/assets/PRODUCTS/campo/gk-cmp-020-4.png,https://goldenkicks.co.mz/assets/PRODUCTS/campo/gk-cmp-020-5.png,https://goldenkicks.co.mz/assets/PRODUCTS/campo/gk-cmp-020-6.png
GK-CMP-021,Adidas Predator Elite AG #41,Adidas,Precisão,Elite,Chuteiras,AG,12500,Phantom / Gold,"35, 36, 37, 38, 39, 40, 41, 42, 43, 44, 45, 46",Edição Elite desenhada para tração elite e controlo superior no relvado AG. Tamanhos disponíveis do 35 ao 46.,Stock Verificado,https://goldenkicks.co.mz/assets/PRODUCTS/campo/gk-cmp-021-1.png,https://goldenkicks.co.mz/assets/PRODUCTS/campo/gk-cmp-021-2.png,https://goldenkicks.co.mz/assets/PRODUCTS/campo/gk-cmp-021-3.png,https://goldenkicks.co.mz/assets/PRODUCTS/campo/gk-cmp-021-4.png,https://goldenkicks.co.mz/assets/PRODUCTS/campo/gk-cmp-021-5.png,https://goldenkicks.co.mz/assets/PRODUCTS/campo/gk-cmp-021-6.png
GK-CMP-022,Nike Phantom GX 2 AG #42,Nike,Controlo,Club,Chuteiras,AG,4500,Phantom / Gold,"35, 36, 37, 38, 39, 40, 41, 42, 43, 44, 45, 46",Edição Club desenhada para tração elite e controlo superior no relvado AG. Tamanhos disponíveis do 35 ao 46.,Mais Vendido,https://goldenkicks.co.mz/assets/PRODUCTS/campo/gk-cmp-022-1.png,https://goldenkicks.co.mz/assets/PRODUCTS/campo/gk-cmp-022-2.png,https://goldenkicks.co.mz/assets/PRODUCTS/campo/gk-cmp-022-3.png,https://goldenkicks.co.mz/assets/PRODUCTS/campo/gk-cmp-022-4.png,https://goldenkicks.co.mz/assets/PRODUCTS/campo/gk-cmp-022-5.png,https://goldenkicks.co.mz/assets/PRODUCTS/campo/gk-cmp-022-6.png
GK-CMP-023,New Balance Furon V7 Pro IN #43,New Balance,Velocidade,Academy,Chuteiras,IN,15800,Phantom / Gold,"35, 36, 37, 38, 39, 40, 41, 42, 43, 44, 45, 46",Edição Academy desenhada para tração elite e controlo superior no relvado IN. Tamanhos disponíveis do 35 ao 46.,Stock Verificado,https://goldenkicks.co.mz/assets/PRODUCTS/campo/gk-cmp-023-1.png,https://goldenkicks.co.mz/assets/PRODUCTS/campo/gk-cmp-023-2.png,https://goldenkicks.co.mz/assets/PRODUCTS/campo/gk-cmp-023-3.png,https://goldenkicks.co.mz/assets/PRODUCTS/campo/gk-cmp-023-4.png,https://goldenkicks.co.mz/assets/PRODUCTS/campo/gk-cmp-023-5.png,https://goldenkicks.co.mz/assets/PRODUCTS/campo/gk-cmp-023-6.png
GK-CMP-024,Puma Future Ultimate SG #45,Puma,Agilidade,Elite,Chuteiras,SG,21500,Navy / Volt,"35, 36, 37, 38, 39, 40, 41, 42, 43, 44, 45, 46",Edição Elite desenhada para tração elite e controlo superior no relvado SG. Tamanhos disponíveis do 35 ao 46.,Stock Verificado,https://goldenkicks.co.mz/assets/PRODUCTS/campo/gk-cmp-024-1.png,https://goldenkicks.co.mz/assets/PRODUCTS/campo/gk-cmp-024-2.png,https://goldenkicks.co.mz/assets/PRODUCTS/campo/gk-cmp-024-3.png,https://goldenkicks.co.mz/assets/PRODUCTS/campo/gk-cmp-024-4.png,https://goldenkicks.co.mz/assets/PRODUCTS/campo/gk-cmp-024-5.png,https://goldenkicks.co.mz/assets/PRODUCTS/campo/gk-cmp-024-6.png
GK-CMP-025,Adidas F50 League MG #48,Adidas,Velocidade,Club,Chuteiras,MG,6800,Navy / Volt,"35, 36, 37, 38, 39, 40, 41, 42, 43, 44, 45, 46",Edição Club desenhada para tração elite e controlo superior no relvado MG. Tamanhos disponíveis do 35 ao 46.,Stock Verificado,https://goldenkicks.co.mz/assets/PRODUCTS/campo/gk-cmp-025-1.png,https://goldenkicks.co.mz/assets/PRODUCTS/campo/gk-cmp-025-2.png,https://goldenkicks.co.mz/assets/PRODUCTS/campo/gk-cmp-025-3.png,https://goldenkicks.co.mz/assets/PRODUCTS/campo/gk-cmp-025-4.png,https://goldenkicks.co.mz/assets/PRODUCTS/campo/gk-cmp-025-5.png,https://goldenkicks.co.mz/assets/PRODUCTS/campo/gk-cmp-025-6.png
GK-CMP-026,Mizuno Morelia Neo IV IN #49,Mizuno,Clássico,Elite,Chuteiras,IN,6800,Triple Black,"35, 36, 37, 38, 39, 40, 41, 42, 43, 44, 45, 46",Edição Elite desenhada para tração elite e controlo superior no relvado IN. Tamanhos disponíveis do 35 ao 46.,Mais Vendido,https://goldenkicks.co.mz/assets/PRODUCTS/campo/gk-cmp-026-1.png,https://goldenkicks.co.mz/assets/PRODUCTS/campo/gk-cmp-026-2.png,https://goldenkicks.co.mz/assets/PRODUCTS/campo/gk-cmp-026-3.png,https://goldenkicks.co.mz/assets/PRODUCTS/campo/gk-cmp-026-4.png,https://goldenkicks.co.mz/assets/PRODUCTS/campo/gk-cmp-026-5.png,https://goldenkicks.co.mz/assets/PRODUCTS/campo/gk-cmp-026-6.png
GK-CMP-027,Adidas Predator Elite HG #51,Adidas,Precisão,Academy,Chuteiras,HG,15800,White / Gold,"35, 36, 37, 38, 39, 40, 41, 42, 43, 44, 45, 46",Edição Academy desenhada para tração elite e controlo superior no relvado HG. Tamanhos disponíveis do 35 ao 46.,Stock Verificado,https://goldenkicks.co.mz/assets/PRODUCTS/campo/gk-cmp-027-1.png,https://goldenkicks.co.mz/assets/PRODUCTS/campo/gk-cmp-027-2.png,https://goldenkicks.co.mz/assets/PRODUCTS/campo/gk-cmp-027-3.png,https://goldenkicks.co.mz/assets/PRODUCTS/campo/gk-cmp-027-4.png,https://goldenkicks.co.mz/assets/PRODUCTS/campo/gk-cmp-027-5.png,https://goldenkicks.co.mz/assets/PRODUCTS/campo/gk-cmp-027-6.png
GK-CMP-028,New Balance Tekela V4 Pro AG #52,New Balance,Controlo,Pro,Chuteiras,AG,21500,Phantom / Gold,"35, 36, 37, 38, 39, 40, 41, 42, 43, 44, 45, 46",Edição Pro desenhada para tração elite e controlo superior no relvado AG. Tamanhos disponíveis do 35 ao 46.,Stock Verificado,https://goldenkicks.co.mz/assets/PRODUCTS/campo/gk-cmp-028-1.png,https://goldenkicks.co.mz/assets/PRODUCTS/campo/gk-cmp-028-2.png,https://goldenkicks.co.mz/assets/PRODUCTS/campo/gk-cmp-028-3.png,https://goldenkicks.co.mz/assets/PRODUCTS/campo/gk-cmp-028-4.png,https://goldenkicks.co.mz/assets/PRODUCTS/campo/gk-cmp-028-5.png,https://goldenkicks.co.mz/assets/PRODUCTS/campo/gk-cmp-028-6.png
GK-CMP-029,Puma Future Ultimate MG #53,Puma,Agilidade,Elite,Chuteiras,MG,12500,Phantom / Gold,"35, 36, 37, 38, 39, 40, 41, 42, 43, 44, 45, 46",Edição Elite desenhada para tração elite e controlo superior no relvado MG. Tamanhos disponíveis do 35 ao 46.,Stock Verificado,https://goldenkicks.co.mz/assets/PRODUCTS/campo/gk-cmp-029-1.png,https://goldenkicks.co.mz/assets/PRODUCTS/campo/gk-cmp-029-2.png,https://goldenkicks.co.mz/assets/PRODUCTS/campo/gk-cmp-029-3.png,https://goldenkicks.co.mz/assets/PRODUCTS/campo/gk-cmp-029-4.png,https://goldenkicks.co.mz/assets/PRODUCTS/campo/gk-cmp-029-5.png,https://goldenkicks.co.mz/assets/PRODUCTS/campo/gk-cmp-029-6.png
GK-CMP-030,Puma Future Ultimate HG #55,Puma,Agilidade,Academy,Chuteiras,HG,12500,Triple Black,"35, 36, 37, 38, 39, 40, 41, 42, 43, 44, 45, 46",Edição Academy desenhada para tração elite e controlo superior no relvado HG. Tamanhos disponíveis do 35 ao 46.,Stock Verificado,https://goldenkicks.co.mz/assets/PRODUCTS/campo/gk-cmp-030-1.png,https://goldenkicks.co.mz/assets/PRODUCTS/campo/gk-cmp-030-2.png,https://goldenkicks.co.mz/assets/PRODUCTS/campo/gk-cmp-030-3.png,https://goldenkicks.co.mz/assets/PRODUCTS/campo/gk-cmp-030-4.png,https://goldenkicks.co.mz/assets/PRODUCTS/campo/gk-cmp-030-5.png,https://goldenkicks.co.mz/assets/PRODUCTS/campo/gk-cmp-030-6.png
GK-CMP-031,Adidas Predator Elite IN #57,Adidas,Precisão,Pro,Chuteiras,IN,4500,Crimson / Bone,"35, 36, 37, 38, 39, 40, 41, 42, 43, 44, 45, 46",Edição Pro desenhada para tração elite e controlo superior no relvado IN. Tamanhos disponíveis do 35 ao 46.,Stock Verificado,https://goldenkicks.co.mz/assets/PRODUCTS/campo/gk-cmp-031-1.png,https://goldenkicks.co.mz/assets/PRODUCTS/campo/gk-cmp-031-2.png,https://goldenkicks.co.mz/assets/PRODUCTS/campo/gk-cmp-031-3.png,https://goldenkicks.co.mz/assets/PRODUCTS/campo/gk-cmp-031-4.png,https://goldenkicks.co.mz/assets/PRODUCTS/campo/gk-cmp-031-5.png,https://goldenkicks.co.mz/assets/PRODUCTS/campo/gk-cmp-031-6.png
GK-CMP-032,Puma Ultra Ultimate IN #58,Puma,Velocidade,Academy,Chuteiras,IN,15800,Navy / Volt,"35, 36, 37, 38, 39, 40, 41, 42, 43, 44, 45, 46",Edição Academy desenhada para tração elite e controlo superior no relvado IN. Tamanhos disponíveis do 35 ao 46.,Stock Verificado,https://goldenkicks.co.mz/assets/PRODUCTS/campo/gk-cmp-032-1.png,https://goldenkicks.co.mz/assets/PRODUCTS/campo/gk-cmp-032-2.png,https://goldenkicks.co.mz/assets/PRODUCTS/campo/gk-cmp-032-3.png,https://goldenkicks.co.mz/assets/PRODUCTS/campo/gk-cmp-032-4.png,https://goldenkicks.co.mz/assets/PRODUCTS/campo/gk-cmp-032-5.png,https://goldenkicks.co.mz/assets/PRODUCTS/campo/gk-cmp-032-6.png
GK-CMP-033,New Balance Furon V7 Pro IN #65,New Balance,Velocidade,Elite,Chuteiras,IN,4500,Crimson / Bone,"35, 36, 37, 38, 39, 40, 41, 42, 43, 44, 45, 46",Edição Elite desenhada para tração elite e controlo superior no relvado IN. Tamanhos disponíveis do 35 ao 46.,Stock Verificado,https://goldenkicks.co.mz/assets/PRODUCTS/campo/gk-cmp-033-1.png,https://goldenkicks.co.mz/assets/PRODUCTS/campo/gk-cmp-033-2.png,https://goldenkicks.co.mz/assets/PRODUCTS/campo/gk-cmp-033-3.png,https://goldenkicks.co.mz/assets/PRODUCTS/campo/gk-cmp-033-4.png,https://goldenkicks.co.mz/assets/PRODUCTS/campo/gk-cmp-033-5.png,https://goldenkicks.co.mz/assets/PRODUCTS/campo/gk-cmp-033-6.png
GK-CMP-034,Adidas Predator Elite AG #67,Adidas,Precisão,Club,Chuteiras,AG,6800,Navy / Volt,"35, 36, 37, 38, 39, 40, 41, 42, 43, 44, 45, 46",Edição Club desenhada para tração elite e controlo superior no relvado AG. Tamanhos disponíveis do 35 ao 46.,Stock Verificado,https://goldenkicks.co.mz/assets/PRODUCTS/campo/gk-cmp-034-1.png,https://goldenkicks.co.mz/assets/PRODUCTS/campo/gk-cmp-034-2.png,https://goldenkicks.co.mz/assets/PRODUCTS/campo/gk-cmp-034-3.png,https://goldenkicks.co.mz/assets/PRODUCTS/campo/gk-cmp-034-4.png,https://goldenkicks.co.mz/assets/PRODUCTS/campo/gk-cmp-034-5.png,https://goldenkicks.co.mz/assets/PRODUCTS/campo/gk-cmp-034-6.png
GK-CMP-035,Adidas F50 League IN #71,Adidas,Velocidade,Club,Chuteiras,IN,8900,Phantom / Gold,"35, 36, 37, 38, 39, 40, 41, 42, 43, 44, 45, 46",Edição Club desenhada para tração elite e controlo superior no relvado IN. Tamanhos disponíveis do 35 ao 46.,Stock Verificado,https://goldenkicks.co.mz/assets/PRODUCTS/campo/gk-cmp-035-1.png,https://goldenkicks.co.mz/assets/PRODUCTS/campo/gk-cmp-035-2.png,https://goldenkicks.co.mz/assets/PRODUCTS/campo/gk-cmp-035-3.png,https://goldenkicks.co.mz/assets/PRODUCTS/campo/gk-cmp-035-4.png,https://goldenkicks.co.mz/assets/PRODUCTS/campo/gk-cmp-035-5.png,https://goldenkicks.co.mz/assets/PRODUCTS/campo/gk-cmp-035-6.png
GK-CMP-036,New Balance Tekela V4 Pro IN #72,New Balance,Controlo,Pro,Chuteiras,IN,4500,Navy / Volt,"35, 36, 37, 38, 39, 40, 41, 42, 43, 44, 45, 46",Edição Pro desenhada para tração elite e controlo superior no relvado IN. Tamanhos disponíveis do 35 ao 46.,Stock Verificado,https://goldenkicks.co.mz/assets/PRODUCTS/campo/gk-cmp-036-1.png,https://goldenkicks.co.mz/assets/PRODUCTS/campo/gk-cmp-036-2.png,https://goldenkicks.co.mz/assets/PRODUCTS/campo/gk-cmp-036-3.png,https://goldenkicks.co.mz/assets/PRODUCTS/campo/gk-cmp-036-4.png,https://goldenkicks.co.mz/assets/PRODUCTS/campo/gk-cmp-036-5.png,https://goldenkicks.co.mz/assets/PRODUCTS/campo/gk-cmp-036-6.png
GK-CMP-037,Adidas F50 League SG #73,Adidas,Velocidade,Academy,Chuteiras,SG,19200,Volt / Silver,"35, 36, 37, 38, 39, 40, 41, 42, 43, 44, 45, 46",Edição Academy desenhada para tração elite e controlo superior no relvado SG. Tamanhos disponíveis do 35 ao 46.,Stock Verificado,https://goldenkicks.co.mz/assets/PRODUCTS/campo/gk-cmp-037-1.png,https://goldenkicks.co.mz/assets/PRODUCTS/campo/gk-cmp-037-2.png,https://goldenkicks.co.mz/assets/PRODUCTS/campo/gk-cmp-037-3.png,https://goldenkicks.co.mz/assets/PRODUCTS/campo/gk-cmp-037-4.png,https://goldenkicks.co.mz/assets/PRODUCTS/campo/gk-cmp-037-5.png,https://goldenkicks.co.mz/assets/PRODUCTS/campo/gk-cmp-037-6.png
GK-CMP-038,Adidas Predator Elite HG #74,Adidas,Precisão,Elite,Chuteiras,HG,8900,Triple Black,"35, 36, 37, 38, 39, 40, 41, 42, 43, 44, 45, 46",Edição Elite desenhada para tração elite e controlo superior no relvado HG. Tamanhos disponíveis do 35 ao 46.,Stock Verificado,https://goldenkicks.co.mz/assets/PRODUCTS/campo/gk-cmp-038-1.png,https://goldenkicks.co.mz/assets/PRODUCTS/campo/gk-cmp-038-2.png,https://goldenkicks.co.mz/assets/PRODUCTS/campo/gk-cmp-038-3.png,https://goldenkicks.co.mz/assets/PRODUCTS/campo/gk-cmp-038-4.png,https://goldenkicks.co.mz/assets/PRODUCTS/campo/gk-cmp-038-5.png,https://goldenkicks.co.mz/assets/PRODUCTS/campo/gk-cmp-038-6.png
GK-CMP-039,Mizuno Morelia Neo IV HG #78,Mizuno,Clássico,Academy,Chuteiras,HG,4500,Crimson / Bone,"35, 36, 37, 38, 39, 40, 41, 42, 43, 44, 45, 46",Edição Academy desenhada para tração elite e controlo superior no relvado HG. Tamanhos disponíveis do 35 ao 46.,Stock Verificado,https://goldenkicks.co.mz/assets/PRODUCTS/campo/gk-cmp-039-1.png,https://goldenkicks.co.mz/assets/PRODUCTS/campo/gk-cmp-039-2.png,https://goldenkicks.co.mz/assets/PRODUCTS/campo/gk-cmp-039-3.png,https://goldenkicks.co.mz/assets/PRODUCTS/campo/gk-cmp-039-4.png,https://goldenkicks.co.mz/assets/PRODUCTS/campo/gk-cmp-039-5.png,https://goldenkicks.co.mz/assets/PRODUCTS/campo/gk-cmp-039-6.png
GK-CMP-040,Adidas Predator Elite AG #80,Adidas,Precisão,Club,Chuteiras,AG,8900,Phantom / Gold,"35, 36, 37, 38, 39, 40, 41, 42, 43, 44, 45, 46",Edição Club desenhada para tração elite e controlo superior no relvado AG. Tamanhos disponíveis do 35 ao 46.,Edição Especial,https://goldenkicks.co.mz/assets/PRODUCTS/campo/gk-cmp-040-1.png,https://goldenkicks.co.mz/assets/PRODUCTS/campo/gk-cmp-040-2.png,https://goldenkicks.co.mz/assets/PRODUCTS/campo/gk-cmp-040-3.png,https://goldenkicks.co.mz/assets/PRODUCTS/campo/gk-cmp-040-4.png,https://goldenkicks.co.mz/assets/PRODUCTS/campo/gk-cmp-040-5.png,https://goldenkicks.co.mz/assets/PRODUCTS/campo/gk-cmp-040-6.png
GK-CMP-041,Adidas F50 League AG #85,Adidas,Velocidade,Club,Chuteiras,AG,8900,Crimson / Bone,"35, 36, 37, 38, 39, 40, 41, 42, 43, 44, 45, 46",Edição Club desenhada para tração elite e controlo superior no relvado AG. Tamanhos disponíveis do 35 ao 46.,Stock Verificado,https://goldenkicks.co.mz/assets/PRODUCTS/campo/gk-cmp-041-1.png,https://goldenkicks.co.mz/assets/PRODUCTS/campo/gk-cmp-041-2.png,https://goldenkicks.co.mz/assets/PRODUCTS/campo/gk-cmp-041-3.png,https://goldenkicks.co.mz/assets/PRODUCTS/campo/gk-cmp-041-4.png,https://goldenkicks.co.mz/assets/PRODUCTS/campo/gk-cmp-041-5.png,https://goldenkicks.co.mz/assets/PRODUCTS/campo/gk-cmp-041-6.png
GK-CMP-042,Joma Top Flex Rebound IN #89,Joma,Clássico,Elite,Chuteiras,IN,8900,Triple Black,"35, 36, 37, 38, 39, 40, 41, 42, 43, 44, 45, 46",Edição Elite desenhada para tração elite e controlo superior no relvado IN. Tamanhos disponíveis do 35 ao 46.,Stock Verificado,https://goldenkicks.co.mz/assets/PRODUCTS/campo/gk-cmp-042-1.png,https://goldenkicks.co.mz/assets/PRODUCTS/campo/gk-cmp-042-2.png,https://goldenkicks.co.mz/assets/PRODUCTS/campo/gk-cmp-042-3.png,https://goldenkicks.co.mz/assets/PRODUCTS/campo/gk-cmp-042-4.png,https://goldenkicks.co.mz/assets/PRODUCTS/campo/gk-cmp-042-5.png,https://goldenkicks.co.mz/assets/PRODUCTS/campo/gk-cmp-042-6.png
GK-CMP-043,Joma Top Flex Rebound IN #90,Joma,Clássico,Club,Chuteiras,IN,21500,Navy / Volt,"35, 36, 37, 38, 39, 40, 41, 42, 43, 44, 45, 46",Edição Club desenhada para tração elite e controlo superior no relvado IN. Tamanhos disponíveis do 35 ao 46.,Edição Especial,https://goldenkicks.co.mz/assets/PRODUCTS/campo/gk-cmp-043-1.png,https://goldenkicks.co.mz/assets/PRODUCTS/campo/gk-cmp-043-2.png,https://goldenkicks.co.mz/assets/PRODUCTS/campo/gk-cmp-043-3.png,https://goldenkicks.co.mz/assets/PRODUCTS/campo/gk-cmp-043-4.png,https://goldenkicks.co.mz/assets/PRODUCTS/campo/gk-cmp-043-5.png,https://goldenkicks.co.mz/assets/PRODUCTS/campo/gk-cmp-043-6.png
GK-CMP-044,New Balance Tekela V4 Pro AG #93,New Balance,Controlo,Club,Chuteiras,AG,15800,Volt / Silver,"35, 36, 37, 38, 39, 40, 41, 42, 43, 44, 45, 46",Edição Club desenhada para tração elite e controlo superior no relvado AG. Tamanhos disponíveis do 35 ao 46.,Stock Verificado,https://goldenkicks.co.mz/assets/PRODUCTS/campo/gk-cmp-044-1.png,https://goldenkicks.co.mz/assets/PRODUCTS/campo/gk-cmp-044-2.png,https://goldenkicks.co.mz/assets/PRODUCTS/campo/gk-cmp-044-3.png,https://goldenkicks.co.mz/assets/PRODUCTS/campo/gk-cmp-044-4.png,https://goldenkicks.co.mz/assets/PRODUCTS/campo/gk-cmp-044-5.png,https://goldenkicks.co.mz/assets/PRODUCTS/campo/gk-cmp-044-6.png
GK-CMP-045,Mizuno Morelia Neo IV FG #94,Mizuno,Clássico,Club,Chuteiras,FG,8900,White / Gold,"35, 36, 37, 38, 39, 40, 41, 42, 43, 44, 45, 46",Edição Club desenhada para tração elite e controlo superior no relvado FG. Tamanhos disponíveis do 35 ao 46.,Stock Verificado,https://goldenkicks.co.mz/assets/PRODUCTS/campo/gk-cmp-045-1.png,https://goldenkicks.co.mz/assets/PRODUCTS/campo/gk-cmp-045-2.png,https://goldenkicks.co.mz/assets/PRODUCTS/campo/gk-cmp-045-3.png,https://goldenkicks.co.mz/assets/PRODUCTS/campo/gk-cmp-045-4.png,https://goldenkicks.co.mz/assets/PRODUCTS/campo/gk-cmp-045-5.png,https://goldenkicks.co.mz/assets/PRODUCTS/campo/gk-cmp-045-6.png
GK-CMP-046,New Balance Furon V7 Pro FG #95,New Balance,Velocidade,Pro,Chuteiras,FG,19200,Volt / Silver,"35, 36, 37, 38, 39, 40, 41, 42, 43, 44, 45, 46",Edição Pro desenhada para tração elite e controlo superior no relvado FG. Tamanhos disponíveis do 35 ao 46.,Stock Verificado,https://goldenkicks.co.mz/assets/PRODUCTS/campo/gk-cmp-046-1.png,https://goldenkicks.co.mz/assets/PRODUCTS/campo/gk-cmp-046-2.png,https://goldenkicks.co.mz/assets/PRODUCTS/campo/gk-cmp-046-3.png,https://goldenkicks.co.mz/assets/PRODUCTS/campo/gk-cmp-046-4.png,https://goldenkicks.co.mz/assets/PRODUCTS/campo/gk-cmp-046-5.png,https://goldenkicks.co.mz/assets/PRODUCTS/campo/gk-cmp-046-6.png
GK-CMP-047,Nike Mercurial Vapor 16 SG #100,Nike,Velocidade,Elite,Chuteiras,SG,18500,Volt / Silver,"35, 36, 37, 38, 39, 40, 41, 42, 43, 44, 45, 46",Edição Elite desenhada para tração elite e controlo superior no relvado SG. Tamanhos disponíveis do 35 ao 46.,Edição Especial,https://goldenkicks.co.mz/assets/PRODUCTS/campo/gk-cmp-047-1.png,https://goldenkicks.co.mz/assets/PRODUCTS/campo/gk-cmp-047-2.png,https://goldenkicks.co.mz/assets/PRODUCTS/campo/gk-cmp-047-3.png,https://goldenkicks.co.mz/assets/PRODUCTS/campo/gk-cmp-047-4.png,https://goldenkicks.co.mz/assets/PRODUCTS/campo/gk-cmp-047-5.png,https://goldenkicks.co.mz/assets/PRODUCTS/campo/gk-cmp-047-6.png
GK-CMP-048,Mizuno Morelia Neo IV AG #101,Mizuno,Clássico,Pro,Chuteiras,AG,15800,Volt / Silver,"35, 36, 37, 38, 39, 40, 41, 42, 43, 44, 45, 46",Edição Pro desenhada para tração elite e controlo superior no relvado AG. Tamanhos disponíveis do 35 ao 46.,Stock Verificado,https://goldenkicks.co.mz/assets/PRODUCTS/campo/gk-cmp-048-1.png,https://goldenkicks.co.mz/assets/PRODUCTS/campo/gk-cmp-048-2.png,https://goldenkicks.co.mz/assets/PRODUCTS/campo/gk-cmp-048-3.png,https://goldenkicks.co.mz/assets/PRODUCTS/campo/gk-cmp-048-4.png,https://goldenkicks.co.mz/assets/PRODUCTS/campo/gk-cmp-048-5.png,https://goldenkicks.co.mz/assets/PRODUCTS/campo/gk-cmp-048-6.png
GK-CMP-049,Mizuno Morelia Neo IV IN #103,Mizuno,Clássico,Academy,Chuteiras,IN,4500,White / Gold,"35, 36, 37, 38, 39, 40, 41, 42, 43, 44, 45, 46",Edição Academy desenhada para tração elite e controlo superior no relvado IN. Tamanhos disponíveis do 35 ao 46.,Stock Verificado,https://goldenkicks.co.mz/assets/PRODUCTS/campo/gk-cmp-049-1.png,https://goldenkicks.co.mz/assets/PRODUCTS/campo/gk-cmp-049-2.png,https://goldenkicks.co.mz/assets/PRODUCTS/campo/gk-cmp-049-3.png,https://goldenkicks.co.mz/assets/PRODUCTS/campo/gk-cmp-049-4.png,https://goldenkicks.co.mz/assets/PRODUCTS/campo/gk-cmp-049-5.png,https://goldenkicks.co.mz/assets/PRODUCTS/campo/gk-cmp-049-6.png
GK-CMP-050,Mizuno Morelia Neo IV HG #108,Mizuno,Clássico,Club,Chuteiras,HG,15800,Black / Gold,"35, 36, 37, 38, 39, 40, 41, 42, 43, 44, 45, 46",Edição Club desenhada para tração elite e controlo superior no relvado HG. Tamanhos disponíveis do 35 ao 46.,Stock Verificado,https://goldenkicks.co.mz/assets/PRODUCTS/campo/gk-cmp-050-1.png,https://goldenkicks.co.mz/assets/PRODUCTS/campo/gk-cmp-050-2.png,https://goldenkicks.co.mz/assets/PRODUCTS/campo/gk-cmp-050-3.png,https://goldenkicks.co.mz/assets/PRODUCTS/campo/gk-cmp-050-4.png,https://goldenkicks.co.mz/assets/PRODUCTS/campo/gk-cmp-050-5.png,https://goldenkicks.co.mz/assets/PRODUCTS/campo/gk-cmp-050-6.png
GK-CMP-051,New Balance Tekela V4 Pro AG #109,New Balance,Controlo,Elite,Chuteiras,AG,8900,Triple Black,"35, 36, 37, 38, 39, 40, 41, 42, 43, 44, 45, 46",Edição Elite desenhada para tração elite e controlo superior no relvado AG. Tamanhos disponíveis do 35 ao 46.,Stock Verificado,https://goldenkicks.co.mz/assets/PRODUCTS/campo/gk-cmp-051-1.png,https://goldenkicks.co.mz/assets/PRODUCTS/campo/gk-cmp-051-2.png,https://goldenkicks.co.mz/assets/PRODUCTS/campo/gk-cmp-051-3.png,https://goldenkicks.co.mz/assets/PRODUCTS/campo/gk-cmp-051-4.png,https://goldenkicks.co.mz/assets/PRODUCTS/campo/gk-cmp-051-5.png,https://goldenkicks.co.mz/assets/PRODUCTS/campo/gk-cmp-051-6.png
GK-CMP-052,Mizuno Morelia Neo IV FG #110,Mizuno,Clássico,Academy,Chuteiras,FG,15800,Black / Gold,"35, 36, 37, 38, 39, 40, 41, 42, 43, 44, 45, 46",Edição Academy desenhada para tração elite e controlo superior no relvado FG. Tamanhos disponíveis do 35 ao 46.,Edição Especial,https://goldenkicks.co.mz/assets/PRODUCTS/campo/gk-cmp-052-1.png,https://goldenkicks.co.mz/assets/PRODUCTS/campo/gk-cmp-052-2.png,https://goldenkicks.co.mz/assets/PRODUCTS/campo/gk-cmp-052-3.png,https://goldenkicks.co.mz/assets/PRODUCTS/campo/gk-cmp-052-4.png,https://goldenkicks.co.mz/assets/PRODUCTS/campo/gk-cmp-052-5.png,https://goldenkicks.co.mz/assets/PRODUCTS/campo/gk-cmp-052-6.png
GK-CMP-053,Mizuno Morelia Neo IV IN #111,Mizuno,Clássico,Academy,Chuteiras,IN,6800,Navy / Volt,"35, 36, 37, 38, 39, 40, 41, 42, 43, 44, 45, 46",Edição Academy desenhada para tração elite e controlo superior no relvado IN. Tamanhos disponíveis do 35 ao 46.,Stock Verificado,https://goldenkicks.co.mz/assets/PRODUCTS/campo/gk-cmp-053-1.png,https://goldenkicks.co.mz/assets/PRODUCTS/campo/gk-cmp-053-2.png,https://goldenkicks.co.mz/assets/PRODUCTS/campo/gk-cmp-053-3.png,https://goldenkicks.co.mz/assets/PRODUCTS/campo/gk-cmp-053-4.png,https://goldenkicks.co.mz/assets/PRODUCTS/campo/gk-cmp-053-5.png,https://goldenkicks.co.mz/assets/PRODUCTS/campo/gk-cmp-053-6.png
GK-CMP-054,Joma Top Flex Rebound MG #113,Joma,Clássico,Elite,Chuteiras,MG,8900,Navy / Volt,"35, 36, 37, 38, 39, 40, 41, 42, 43, 44, 45, 46",Edição Elite desenhada para tração elite e controlo superior no relvado MG. Tamanhos disponíveis do 35 ao 46.,Stock Verificado,https://goldenkicks.co.mz/assets/PRODUCTS/campo/gk-cmp-054-1.png,https://goldenkicks.co.mz/assets/PRODUCTS/campo/gk-cmp-054-2.png,https://goldenkicks.co.mz/assets/PRODUCTS/campo/gk-cmp-054-3.png,https://goldenkicks.co.mz/assets/PRODUCTS/campo/gk-cmp-054-4.png,https://goldenkicks.co.mz/assets/PRODUCTS/campo/gk-cmp-054-5.png,https://goldenkicks.co.mz/assets/PRODUCTS/campo/gk-cmp-054-6.png
GK-CMP-055,Nike Phantom GX 2 FG #114,Nike,Controlo,Club,Chuteiras,FG,19200,Phantom / Gold,"35, 36, 37, 38, 39, 40, 41, 42, 43, 44, 45, 46",Edição Club desenhada para tração elite e controlo superior no relvado FG. Tamanhos disponíveis do 35 ao 46.,Stock Verificado,https://goldenkicks.co.mz/assets/PRODUCTS/campo/gk-cmp-055-1.png,https://goldenkicks.co.mz/assets/PRODUCTS/campo/gk-cmp-055-2.png,https://goldenkicks.co.mz/assets/PRODUCTS/campo/gk-cmp-055-3.png,https://goldenkicks.co.mz/assets/PRODUCTS/campo/gk-cmp-055-4.png,https://goldenkicks.co.mz/assets/PRODUCTS/campo/gk-cmp-055-5.png,https://goldenkicks.co.mz/assets/PRODUCTS/campo/gk-cmp-055-6.png
GK-CMP-056,Joma Top Flex Rebound MG #115,Joma,Clássico,Club,Chuteiras,MG,8900,Triple Black,"35, 36, 37, 38, 39, 40, 41, 42, 43, 44, 45, 46",Edição Club desenhada para tração elite e controlo superior no relvado MG. Tamanhos disponíveis do 35 ao 46.,Stock Verificado,https://goldenkicks.co.mz/assets/PRODUCTS/campo/gk-cmp-056-1.png,https://goldenkicks.co.mz/assets/PRODUCTS/campo/gk-cmp-056-2.png,https://goldenkicks.co.mz/assets/PRODUCTS/campo/gk-cmp-056-3.png,https://goldenkicks.co.mz/assets/PRODUCTS/campo/gk-cmp-056-4.png,https://goldenkicks.co.mz/assets/PRODUCTS/campo/gk-cmp-056-5.png,https://goldenkicks.co.mz/assets/PRODUCTS/campo/gk-cmp-056-6.png
GK-CMP-057,Puma Future Ultimate SG #118,Puma,Agilidade,Academy,Chuteiras,SG,8900,Volt / Silver,"35, 36, 37, 38, 39, 40, 41, 42, 43, 44, 45, 46",Edição Academy desenhada para tração elite e controlo superior no relvado SG. Tamanhos disponíveis do 35 ao 46.,Stock Verificado,https://goldenkicks.co.mz/assets/PRODUCTS/campo/gk-cmp-057-1.png,https://goldenkicks.co.mz/assets/PRODUCTS/campo/gk-cmp-057-2.png,https://goldenkicks.co.mz/assets/PRODUCTS/campo/gk-cmp-057-3.png,https://goldenkicks.co.mz/assets/PRODUCTS/campo/gk-cmp-057-4.png,https://goldenkicks.co.mz/assets/PRODUCTS/campo/gk-cmp-057-5.png,https://goldenkicks.co.mz/assets/PRODUCTS/campo/gk-cmp-057-6.png
GK-CMP-058,Joma Top Flex Rebound SG #120,Joma,Clássico,Pro,Chuteiras,SG,8900,Triple Black,"35, 36, 37, 38, 39, 40, 41, 42, 43, 44, 45, 46",Edição Pro desenhada para tração elite e controlo superior no relvado SG. Tamanhos disponíveis do 35 ao 46.,Edição Especial,https://goldenkicks.co.mz/assets/PRODUCTS/campo/gk-cmp-058-1.png,https://goldenkicks.co.mz/assets/PRODUCTS/campo/gk-cmp-058-2.png,https://goldenkicks.co.mz/assets/PRODUCTS/campo/gk-cmp-058-3.png,https://goldenkicks.co.mz/assets/PRODUCTS/campo/gk-cmp-058-4.png,https://goldenkicks.co.mz/assets/PRODUCTS/campo/gk-cmp-058-5.png,https://goldenkicks.co.mz/assets/PRODUCTS/campo/gk-cmp-058-6.png
GK-CMP-059,Puma Future Ultimate MG #121,Puma,Agilidade,Elite,Chuteiras,MG,8900,Black / Gold,"35, 36, 37, 38, 39, 40, 41, 42, 43, 44, 45, 46",Edição Elite desenhada para tração elite e controlo superior no relvado MG. Tamanhos disponíveis do 35 ao 46.,Stock Verificado,https://goldenkicks.co.mz/assets/PRODUCTS/campo/gk-cmp-059-1.png,https://goldenkicks.co.mz/assets/PRODUCTS/campo/gk-cmp-059-2.png,https://goldenkicks.co.mz/assets/PRODUCTS/campo/gk-cmp-059-3.png,https://goldenkicks.co.mz/assets/PRODUCTS/campo/gk-cmp-059-4.png,https://goldenkicks.co.mz/assets/PRODUCTS/campo/gk-cmp-059-5.png,https://goldenkicks.co.mz/assets/PRODUCTS/campo/gk-cmp-059-6.png
GK-CMP-060,Puma Future Ultimate IN #123,Puma,Agilidade,Pro,Chuteiras,IN,15800,White / Gold,"35, 36, 37, 38, 39, 40, 41, 42, 43, 44, 45, 46",Edição Pro desenhada para tração elite e controlo superior no relvado IN. Tamanhos disponíveis do 35 ao 46.,Stock Verificado,https://goldenkicks.co.mz/assets/PRODUCTS/campo/gk-cmp-060-1.png,https://goldenkicks.co.mz/assets/PRODUCTS/campo/gk-cmp-060-2.png,https://goldenkicks.co.mz/assets/PRODUCTS/campo/gk-cmp-060-3.png,https://goldenkicks.co.mz/assets/PRODUCTS/campo/gk-cmp-060-4.png,https://goldenkicks.co.mz/assets/PRODUCTS/campo/gk-cmp-060-5.png,https://goldenkicks.co.mz/assets/PRODUCTS/campo/gk-cmp-060-6.png
GK-CMP-061,Mizuno Morelia Neo IV MG #127,Mizuno,Clássico,Academy,Chuteiras,MG,15800,Black / Gold,"35, 36, 37, 38, 39, 40, 41, 42, 43, 44, 45, 46",Edição Academy desenhada para tração elite e controlo superior no relvado MG. Tamanhos disponíveis do 35 ao 46.,Stock Verificado,https://goldenkicks.co.mz/assets/PRODUCTS/campo/gk-cmp-061-1.png,https://goldenkicks.co.mz/assets/PRODUCTS/campo/gk-cmp-061-2.png,https://goldenkicks.co.mz/assets/PRODUCTS/campo/gk-cmp-061-3.png,https://goldenkicks.co.mz/assets/PRODUCTS/campo/gk-cmp-061-4.png,https://goldenkicks.co.mz/assets/PRODUCTS/campo/gk-cmp-061-5.png,https://goldenkicks.co.mz/assets/PRODUCTS/campo/gk-cmp-061-6.png
GK-CMP-062,Mizuno Morelia Neo IV SG #128,Mizuno,Clássico,Club,Chuteiras,SG,4500,Navy / Volt,"35, 36, 37, 38, 39, 40, 41, 42, 43, 44, 45, 46",Edição Club desenhada para tração elite e controlo superior no relvado SG. Tamanhos disponíveis do 35 ao 46.,Stock Verificado,https://goldenkicks.co.mz/assets/PRODUCTS/campo/gk-cmp-062-1.png,https://goldenkicks.co.mz/assets/PRODUCTS/campo/gk-cmp-062-2.png,https://goldenkicks.co.mz/assets/PRODUCTS/campo/gk-cmp-062-3.png,https://goldenkicks.co.mz/assets/PRODUCTS/campo/gk-cmp-062-4.png,https://goldenkicks.co.mz/assets/PRODUCTS/campo/gk-cmp-062-5.png,https://goldenkicks.co.mz/assets/PRODUCTS/campo/gk-cmp-062-6.png
GK-CMP-063,Joma Top Flex Rebound FG #129,Joma,Clássico,Pro,Chuteiras,FG,8900,Triple Black,"35, 36, 37, 38, 39, 40, 41, 42, 43, 44, 45, 46",Edição Pro desenhada para tração elite e controlo superior no relvado FG. Tamanhos disponíveis do 35 ao 46.,Stock Verificado,https://goldenkicks.co.mz/assets/PRODUCTS/campo/gk-cmp-063-1.png,https://goldenkicks.co.mz/assets/PRODUCTS/campo/gk-cmp-063-2.png,https://goldenkicks.co.mz/assets/PRODUCTS/campo/gk-cmp-063-3.png,https://goldenkicks.co.mz/assets/PRODUCTS/campo/gk-cmp-063-4.png,https://goldenkicks.co.mz/assets/PRODUCTS/campo/gk-cmp-063-5.png,https://goldenkicks.co.mz/assets/PRODUCTS/campo/gk-cmp-063-6.png
GK-CMP-064,Adidas F50 League AG #130,Adidas,Velocidade,Club,Chuteiras,AG,19200,Crimson / Bone,"35, 36, 37, 38, 39, 40, 41, 42, 43, 44, 45, 46",Edição Club desenhada para tração elite e controlo superior no relvado AG. Tamanhos disponíveis do 35 ao 46.,Edição Especial,https://goldenkicks.co.mz/assets/PRODUCTS/campo/gk-cmp-064-1.png,https://goldenkicks.co.mz/assets/PRODUCTS/campo/gk-cmp-064-2.png,https://goldenkicks.co.mz/assets/PRODUCTS/campo/gk-cmp-064-3.png,https://goldenkicks.co.mz/assets/PRODUCTS/campo/gk-cmp-064-4.png,https://goldenkicks.co.mz/assets/PRODUCTS/campo/gk-cmp-064-5.png,https://goldenkicks.co.mz/assets/PRODUCTS/campo/gk-cmp-064-6.png
GK-CMP-065,Nike Phantom GX 2 IN #136,Nike,Controlo,Academy,Chuteiras,IN,4500,Phantom / Gold,"35, 36, 37, 38, 39, 40, 41, 42, 43, 44, 45, 46",Edição Academy desenhada para tração elite e controlo superior no relvado IN. Tamanhos disponíveis do 35 ao 46.,Stock Verificado,https://goldenkicks.co.mz/assets/PRODUCTS/campo/gk-cmp-065-1.png,https://goldenkicks.co.mz/assets/PRODUCTS/campo/gk-cmp-065-2.png,https://goldenkicks.co.mz/assets/PRODUCTS/campo/gk-cmp-065-3.png,https://goldenkicks.co.mz/assets/PRODUCTS/campo/gk-cmp-065-4.png,https://goldenkicks.co.mz/assets/PRODUCTS/campo/gk-cmp-065-5.png,https://goldenkicks.co.mz/assets/PRODUCTS/campo/gk-cmp-065-6.png
GK-CMP-066,Joma Top Flex Rebound AG #138,Joma,Clássico,Club,Chuteiras,AG,6800,Triple Black,"35, 36, 37, 38, 39, 40, 41, 42, 43, 44, 45, 46",Edição Club desenhada para tração elite e controlo superior no relvado AG. Tamanhos disponíveis do 35 ao 46.,Stock Verificado,https://goldenkicks.co.mz/assets/PRODUCTS/campo/gk-cmp-066-1.png,https://goldenkicks.co.mz/assets/PRODUCTS/campo/gk-cmp-066-2.png,https://goldenkicks.co.mz/assets/PRODUCTS/campo/gk-cmp-066-3.png,https://goldenkicks.co.mz/assets/PRODUCTS/campo/gk-cmp-066-4.png,https://goldenkicks.co.mz/assets/PRODUCTS/campo/gk-cmp-066-5.png,https://goldenkicks.co.mz/assets/PRODUCTS/campo/gk-cmp-066-6.png
GK-CMP-067,Adidas Predator Elite HG #140,Adidas,Precisão,Pro,Chuteiras,HG,15800,Black / Gold,"35, 36, 37, 38, 39, 40, 41, 42, 43, 44, 45, 46",Edição Pro desenhada para tração elite e controlo superior no relvado HG. Tamanhos disponíveis do 35 ao 46.,Edição Especial,https://goldenkicks.co.mz/assets/PRODUCTS/campo/gk-cmp-067-1.png,https://goldenkicks.co.mz/assets/PRODUCTS/campo/gk-cmp-067-2.png,https://goldenkicks.co.mz/assets/PRODUCTS/campo/gk-cmp-067-3.png,https://goldenkicks.co.mz/assets/PRODUCTS/campo/gk-cmp-067-4.png,https://goldenkicks.co.mz/assets/PRODUCTS/campo/gk-cmp-067-5.png,https://goldenkicks.co.mz/assets/PRODUCTS/campo/gk-cmp-067-6.png
GK-CMP-068,Adidas F50 League AG #143,Adidas,Velocidade,Elite,Chuteiras,AG,15800,Black / Gold,"35, 36, 37, 38, 39, 40, 41, 42, 43, 44, 45, 46",Edição Elite desenhada para tração elite e controlo superior no relvado AG. Tamanhos disponíveis do 35 ao 46.,Stock Verificado,https://goldenkicks.co.mz/assets/PRODUCTS/campo/gk-cmp-068-1.png,https://goldenkicks.co.mz/assets/PRODUCTS/campo/gk-cmp-068-2.png,https://goldenkicks.co.mz/assets/PRODUCTS/campo/gk-cmp-068-3.png,https://goldenkicks.co.mz/assets/PRODUCTS/campo/gk-cmp-068-4.png,https://goldenkicks.co.mz/assets/PRODUCTS/campo/gk-cmp-068-5.png,https://goldenkicks.co.mz/assets/PRODUCTS/campo/gk-cmp-068-6.png
GK-CMP-069,Adidas F50 League IN #144,Adidas,Velocidade,Academy,Chuteiras,IN,8900,Crimson / Bone,"35, 36, 37, 38, 39, 40, 41, 42, 43, 44, 45, 46",Edição Academy desenhada para tração elite e controlo superior no relvado IN. Tamanhos disponíveis do 35 ao 46.,Stock Verificado,https://goldenkicks.co.mz/assets/PRODUCTS/campo/gk-cmp-069-1.png,https://goldenkicks.co.mz/assets/PRODUCTS/campo/gk-cmp-069-2.png,https://goldenkicks.co.mz/assets/PRODUCTS/campo/gk-cmp-069-3.png,https://goldenkicks.co.mz/assets/PRODUCTS/campo/gk-cmp-069-4.png,https://goldenkicks.co.mz/assets/PRODUCTS/campo/gk-cmp-069-5.png,https://goldenkicks.co.mz/assets/PRODUCTS/campo/gk-cmp-069-6.png
GK-CMP-070,Adidas F50 League AG #147,Adidas,Velocidade,Academy,Chuteiras,AG,19200,Triple Black,"35, 36, 37, 38, 39, 40, 41, 42, 43, 44, 45, 46",Edição Academy desenhada para tração elite e controlo superior no relvado AG. Tamanhos disponíveis do 35 ao 46.,Mais Vendido,https://goldenkicks.co.mz/assets/PRODUCTS/campo/gk-cmp-070-1.png,https://goldenkicks.co.mz/assets/PRODUCTS/campo/gk-cmp-070-2.png,https://goldenkicks.co.mz/assets/PRODUCTS/campo/gk-cmp-070-3.png,https://goldenkicks.co.mz/assets/PRODUCTS/campo/gk-cmp-070-4.png,https://goldenkicks.co.mz/assets/PRODUCTS/campo/gk-cmp-070-5.png,https://goldenkicks.co.mz/assets/PRODUCTS/campo/gk-cmp-070-6.png
GK-CMP-071,New Balance Furon V7 Pro HG #148,New Balance,Velocidade,Academy,Chuteiras,HG,12500,Volt / Silver,"35, 36, 37, 38, 39, 40, 41, 42, 43, 44, 45, 46",Edição Academy desenhada para tração elite e controlo superior no relvado HG. Tamanhos disponíveis do 35 ao 46.,Stock Verificado,https://goldenkicks.co.mz/assets/PRODUCTS/campo/gk-cmp-071-1.png,https://goldenkicks.co.mz/assets/PRODUCTS/campo/gk-cmp-071-2.png,https://goldenkicks.co.mz/assets/PRODUCTS/campo/gk-cmp-071-3.png,https://goldenkicks.co.mz/assets/PRODUCTS/campo/gk-cmp-071-4.png,https://goldenkicks.co.mz/assets/PRODUCTS/campo/gk-cmp-071-5.png,https://goldenkicks.co.mz/assets/PRODUCTS/campo/gk-cmp-071-6.png
GK-CMP-072,Puma Ultra Ultimate HG #150,Puma,Velocidade,Elite,Chuteiras,HG,12500,Crimson / Bone,"35, 36, 37, 38, 39, 40, 41, 42, 43, 44, 45, 46",Edição Elite desenhada para tração elite e controlo superior no relvado HG. Tamanhos disponíveis do 35 ao 46.,Edição Especial,https://goldenkicks.co.mz/assets/PRODUCTS/campo/gk-cmp-072-1.png,https://goldenkicks.co.mz/assets/PRODUCTS/campo/gk-cmp-072-2.png,https://goldenkicks.co.mz/assets/PRODUCTS/campo/gk-cmp-072-3.png,https://goldenkicks.co.mz/assets/PRODUCTS/campo/gk-cmp-072-4.png,https://goldenkicks.co.mz/assets/PRODUCTS/campo/gk-cmp-072-5.png,https://goldenkicks.co.mz/assets/PRODUCTS/campo/gk-cmp-072-6.png
GK-CMP-073,New Balance Furon V7 Pro FG #153,New Balance,Velocidade,Elite,Chuteiras,FG,21500,Triple Black,"35, 36, 37, 38, 39, 40, 41, 42, 43, 44, 45, 46",Edição Elite desenhada para tração elite e controlo superior no relvado FG. Tamanhos disponíveis do 35 ao 46.,Stock Verificado,https://goldenkicks.co.mz/assets/PRODUCTS/campo/gk-cmp-073-1.png,https://goldenkicks.co.mz/assets/PRODUCTS/campo/gk-cmp-073-2.png,https://goldenkicks.co.mz/assets/PRODUCTS/campo/gk-cmp-073-3.png,https://goldenkicks.co.mz/assets/PRODUCTS/campo/gk-cmp-073-4.png,https://goldenkicks.co.mz/assets/PRODUCTS/campo/gk-cmp-073-5.png,https://goldenkicks.co.mz/assets/PRODUCTS/campo/gk-cmp-073-6.png
GK-CMP-074,New Balance Furon V7 Pro IN #155,New Balance,Velocidade,Elite,Chuteiras,IN,4500,Black / Gold,"35, 36, 37, 38, 39, 40, 41, 42, 43, 44, 45, 46",Edição Elite desenhada para tração elite e controlo superior no relvado IN. Tamanhos disponíveis do 35 ao 46.,Stock Verificado,https://goldenkicks.co.mz/assets/PRODUCTS/campo/gk-cmp-074-1.png,https://goldenkicks.co.mz/assets/PRODUCTS/campo/gk-cmp-074-2.png,https://goldenkicks.co.mz/assets/PRODUCTS/campo/gk-cmp-074-3.png,https://goldenkicks.co.mz/assets/PRODUCTS/campo/gk-cmp-074-4.png,https://goldenkicks.co.mz/assets/PRODUCTS/campo/gk-cmp-074-5.png,https://goldenkicks.co.mz/assets/PRODUCTS/campo/gk-cmp-074-6.png
GK-CMP-075,Adidas Predator Elite IN #157,Adidas,Precisão,Academy,Chuteiras,IN,21500,Black / Gold,"35, 36, 37, 38, 39, 40, 41, 42, 43, 44, 45, 46",Edição Academy desenhada para tração elite e controlo superior no relvado IN. Tamanhos disponíveis do 35 ao 46.,Stock Verificado,https://goldenkicks.co.mz/assets/PRODUCTS/campo/gk-cmp-075-1.png,https://goldenkicks.co.mz/assets/PRODUCTS/campo/gk-cmp-075-2.png,https://goldenkicks.co.mz/assets/PRODUCTS/campo/gk-cmp-075-3.png,https://goldenkicks.co.mz/assets/PRODUCTS/campo/gk-cmp-075-4.png,https://goldenkicks.co.mz/assets/PRODUCTS/campo/gk-cmp-075-5.png,https://goldenkicks.co.mz/assets/PRODUCTS/campo/gk-cmp-075-6.png
GK-CMP-076,Nike Phantom GX 2 IN #159,Nike,Controlo,Pro,Chuteiras,IN,8900,Navy / Volt,"35, 36, 37, 38, 39, 40, 41, 42, 43, 44, 45, 46",Edição Pro desenhada para tração elite e controlo superior no relvado IN. Tamanhos disponíveis do 35 ao 46.,Stock Verificado,https://goldenkicks.co.mz/assets/PRODUCTS/campo/gk-cmp-076-1.png,https://goldenkicks.co.mz/assets/PRODUCTS/campo/gk-cmp-076-2.png,https://goldenkicks.co.mz/assets/PRODUCTS/campo/gk-cmp-076-3.png,https://goldenkicks.co.mz/assets/PRODUCTS/campo/gk-cmp-076-4.png,https://goldenkicks.co.mz/assets/PRODUCTS/campo/gk-cmp-076-5.png,https://goldenkicks.co.mz/assets/PRODUCTS/campo/gk-cmp-076-6.png
GK-CMP-077,Adidas F50 League SG #160,Adidas,Velocidade,Academy,Chuteiras,SG,21500,Volt / Silver,"35, 36, 37, 38, 39, 40, 41, 42, 43, 44, 45, 46",Edição Academy desenhada para tração elite e controlo superior no relvado SG. Tamanhos disponíveis do 35 ao 46.,Edição Especial,https://goldenkicks.co.mz/assets/PRODUCTS/campo/gk-cmp-077-1.png,https://goldenkicks.co.mz/assets/PRODUCTS/campo/gk-cmp-077-2.png,https://goldenkicks.co.mz/assets/PRODUCTS/campo/gk-cmp-077-3.png,https://goldenkicks.co.mz/assets/PRODUCTS/campo/gk-cmp-077-4.png,https://goldenkicks.co.mz/assets/PRODUCTS/campo/gk-cmp-077-5.png,https://goldenkicks.co.mz/assets/PRODUCTS/campo/gk-cmp-077-6.png
GK-CMP-078,Adidas Predator Elite AG #161,Adidas,Precisão,Elite,Chuteiras,AG,6800,White / Gold,"35, 36, 37, 38, 39, 40, 41, 42, 43, 44, 45, 46",Edição Elite desenhada para tração elite e controlo superior no relvado AG. Tamanhos disponíveis do 35 ao 46.,Mais Vendido,https://goldenkicks.co.mz/assets/PRODUCTS/campo/gk-cmp-078-1.png,https://goldenkicks.co.mz/assets/PRODUCTS/campo/gk-cmp-078-2.png,https://goldenkicks.co.mz/assets/PRODUCTS/campo/gk-cmp-078-3.png,https://goldenkicks.co.mz/assets/PRODUCTS/campo/gk-cmp-078-4.png,https://goldenkicks.co.mz/assets/PRODUCTS/campo/gk-cmp-078-5.png,https://goldenkicks.co.mz/assets/PRODUCTS/campo/gk-cmp-078-6.png
GK-CMP-079,Nike Mercurial Vapor 16 FG #162,Nike,Velocidade,Academy,Chuteiras,FG,8900,Phantom / Gold,"35, 36, 37, 38, 39, 40, 41, 42, 43, 44, 45, 46",Edição Academy desenhada para tração elite e controlo superior no relvado FG. Tamanhos disponíveis do 35 ao 46.,Stock Verificado,https://goldenkicks.co.mz/assets/PRODUCTS/campo/gk-cmp-079-1.png,https://goldenkicks.co.mz/assets/PRODUCTS/campo/gk-cmp-079-2.png,https://goldenkicks.co.mz/assets/PRODUCTS/campo/gk-cmp-079-3.png,https://goldenkicks.co.mz/assets/PRODUCTS/campo/gk-cmp-079-4.png,https://goldenkicks.co.mz/assets/PRODUCTS/campo/gk-cmp-079-5.png,https://goldenkicks.co.mz/assets/PRODUCTS/campo/gk-cmp-079-6.png
GK-CMP-080,Nike Phantom GX 2 FG #169,Nike,Controlo,Pro,Chuteiras,FG,18500,Navy / Volt,"35, 36, 37, 38, 39, 40, 41, 42, 43, 44, 45, 46",Edição Pro desenhada para tração elite e controlo superior no relvado FG. Tamanhos disponíveis do 35 ao 46.,Stock Verificado,https://goldenkicks.co.mz/assets/PRODUCTS/campo/gk-cmp-080-1.png,https://goldenkicks.co.mz/assets/PRODUCTS/campo/gk-cmp-080-2.png,https://goldenkicks.co.mz/assets/PRODUCTS/campo/gk-cmp-080-3.png,https://goldenkicks.co.mz/assets/PRODUCTS/campo/gk-cmp-080-4.png,https://goldenkicks.co.mz/assets/PRODUCTS/campo/gk-cmp-080-5.png,https://goldenkicks.co.mz/assets/PRODUCTS/campo/gk-cmp-080-6.png
GK-CMP-081,New Balance Tekela V4 Pro FG #170,New Balance,Controlo,Elite,Chuteiras,FG,12500,White / Gold,"35, 36, 37, 38, 39, 40, 41, 42, 43, 44, 45, 46",Edição Elite desenhada para tração elite e controlo superior no relvado FG. Tamanhos disponíveis do 35 ao 46.,Edição Especial,https://goldenkicks.co.mz/assets/PRODUCTS/campo/gk-cmp-081-1.png,https://goldenkicks.co.mz/assets/PRODUCTS/campo/gk-cmp-081-2.png,https://goldenkicks.co.mz/assets/PRODUCTS/campo/gk-cmp-081-3.png,https://goldenkicks.co.mz/assets/PRODUCTS/campo/gk-cmp-081-4.png,https://goldenkicks.co.mz/assets/PRODUCTS/campo/gk-cmp-081-5.png,https://goldenkicks.co.mz/assets/PRODUCTS/campo/gk-cmp-081-6.png
GK-CMP-082,Adidas F50 League HG #171,Adidas,Velocidade,Elite,Chuteiras,HG,12500,Phantom / Gold,"35, 36, 37, 38, 39, 40, 41, 42, 43, 44, 45, 46",Edição Elite desenhada para tração elite e controlo superior no relvado HG. Tamanhos disponíveis do 35 ao 46.,Stock Verificado,https://goldenkicks.co.mz/assets/PRODUCTS/campo/gk-cmp-082-1.png,https://goldenkicks.co.mz/assets/PRODUCTS/campo/gk-cmp-082-2.png,https://goldenkicks.co.mz/assets/PRODUCTS/campo/gk-cmp-082-3.png,https://goldenkicks.co.mz/assets/PRODUCTS/campo/gk-cmp-082-4.png,https://goldenkicks.co.mz/assets/PRODUCTS/campo/gk-cmp-082-5.png,https://goldenkicks.co.mz/assets/PRODUCTS/campo/gk-cmp-082-6.png
GK-CMP-083,New Balance Furon V7 Pro SG #173,New Balance,Velocidade,Pro,Chuteiras,SG,8900,Black / Gold,"35, 36, 37, 38, 39, 40, 41, 42, 43, 44, 45, 46",Edição Pro desenhada para tração elite e controlo superior no relvado SG. Tamanhos disponíveis do 35 ao 46.,Stock Verificado,https://goldenkicks.co.mz/assets/PRODUCTS/campo/gk-cmp-083-1.png,https://goldenkicks.co.mz/assets/PRODUCTS/campo/gk-cmp-083-2.png,https://goldenkicks.co.mz/assets/PRODUCTS/campo/gk-cmp-083-3.png,https://goldenkicks.co.mz/assets/PRODUCTS/campo/gk-cmp-083-4.png,https://goldenkicks.co.mz/assets/PRODUCTS/campo/gk-cmp-083-5.png,https://goldenkicks.co.mz/assets/PRODUCTS/campo/gk-cmp-083-6.png
GK-CMP-084,Puma Future Ultimate FG #174,Puma,Agilidade,Elite,Chuteiras,FG,12500,White / Gold,"35, 36, 37, 38, 39, 40, 41, 42, 43, 44, 45, 46",Edição Elite desenhada para tração elite e controlo superior no relvado FG. Tamanhos disponíveis do 35 ao 46.,Stock Verificado,https://goldenkicks.co.mz/assets/PRODUCTS/campo/gk-cmp-084-1.png,https://goldenkicks.co.mz/assets/PRODUCTS/campo/gk-cmp-084-2.png,https://goldenkicks.co.mz/assets/PRODUCTS/campo/gk-cmp-084-3.png,https://goldenkicks.co.mz/assets/PRODUCTS/campo/gk-cmp-084-4.png,https://goldenkicks.co.mz/assets/PRODUCTS/campo/gk-cmp-084-5.png,https://goldenkicks.co.mz/assets/PRODUCTS/campo/gk-cmp-084-6.png
GK-CMP-085,Nike Phantom GX 2 AG #177,Nike,Controlo,Pro,Chuteiras,AG,15800,Triple Black,"35, 36, 37, 38, 39, 40, 41, 42, 43, 44, 45, 46",Edição Pro desenhada para tração elite e controlo superior no relvado AG. Tamanhos disponíveis do 35 ao 46.,Stock Verificado,https://goldenkicks.co.mz/assets/PRODUCTS/campo/gk-cmp-085-1.png,https://goldenkicks.co.mz/assets/PRODUCTS/campo/gk-cmp-085-2.png,https://goldenkicks.co.mz/assets/PRODUCTS/campo/gk-cmp-085-3.png,https://goldenkicks.co.mz/assets/PRODUCTS/campo/gk-cmp-085-4.png,https://goldenkicks.co.mz/assets/PRODUCTS/campo/gk-cmp-085-5.png,https://goldenkicks.co.mz/assets/PRODUCTS/campo/gk-cmp-085-6.png
GK-CMP-086,Joma Top Flex Rebound SG #178,Joma,Clássico,Club,Chuteiras,SG,8900,Phantom / Gold,"35, 36, 37, 38, 39, 40, 41, 42, 43, 44, 45, 46",Edição Club desenhada para tração elite e controlo superior no relvado SG. Tamanhos disponíveis do 35 ao 46.,Stock Verificado,https://goldenkicks.co.mz/assets/PRODUCTS/campo/gk-cmp-086-1.png,https://goldenkicks.co.mz/assets/PRODUCTS/campo/gk-cmp-086-2.png,https://goldenkicks.co.mz/assets/PRODUCTS/campo/gk-cmp-086-3.png,https://goldenkicks.co.mz/assets/PRODUCTS/campo/gk-cmp-086-4.png,https://goldenkicks.co.mz/assets/PRODUCTS/campo/gk-cmp-086-5.png,https://goldenkicks.co.mz/assets/PRODUCTS/campo/gk-cmp-086-6.png
GK-CMP-087,New Balance Tekela V4 Pro IN #182,New Balance,Controlo,Pro,Chuteiras,IN,12500,White / Gold,"35, 36, 37, 38, 39, 40, 41, 42, 43, 44, 45, 46",Edição Pro desenhada para tração elite e controlo superior no relvado IN. Tamanhos disponíveis do 35 ao 46.,Mais Vendido,https://goldenkicks.co.mz/assets/PRODUCTS/campo/gk-cmp-087-1.png,https://goldenkicks.co.mz/assets/PRODUCTS/campo/gk-cmp-087-2.png,https://goldenkicks.co.mz/assets/PRODUCTS/campo/gk-cmp-087-3.png,https://goldenkicks.co.mz/assets/PRODUCTS/campo/gk-cmp-087-4.png,https://goldenkicks.co.mz/assets/PRODUCTS/campo/gk-cmp-087-5.png,https://goldenkicks.co.mz/assets/PRODUCTS/campo/gk-cmp-087-6.png
GK-CMP-088,Mizuno Morelia Neo IV HG #183,Mizuno,Clássico,Elite,Chuteiras,HG,19200,Black / Gold,"35, 36, 37, 38, 39, 40, 41, 42, 43, 44, 45, 46",Edição Elite desenhada para tração elite e controlo superior no relvado HG. Tamanhos disponíveis do 35 ao 46.,Stock Verificado,https://goldenkicks.co.mz/assets/PRODUCTS/campo/gk-cmp-088-1.png,https://goldenkicks.co.mz/assets/PRODUCTS/campo/gk-cmp-088-2.png,https://goldenkicks.co.mz/assets/PRODUCTS/campo/gk-cmp-088-3.png,https://goldenkicks.co.mz/assets/PRODUCTS/campo/gk-cmp-088-4.png,https://goldenkicks.co.mz/assets/PRODUCTS/campo/gk-cmp-088-5.png,https://goldenkicks.co.mz/assets/PRODUCTS/campo/gk-cmp-088-6.png
GK-CMP-089,Nike Mercurial Vapor 16 AG #184,Nike,Velocidade,Academy,Chuteiras,AG,21500,Triple Black,"35, 36, 37, 38, 39, 40, 41, 42, 43, 44, 45, 46",Edição Academy desenhada para tração elite e controlo superior no relvado AG. Tamanhos disponíveis do 35 ao 46.,Stock Verificado,https://goldenkicks.co.mz/assets/PRODUCTS/campo/gk-cmp-089-1.png,https://goldenkicks.co.mz/assets/PRODUCTS/campo/gk-cmp-089-2.png,https://goldenkicks.co.mz/assets/PRODUCTS/campo/gk-cmp-089-3.png,https://goldenkicks.co.mz/assets/PRODUCTS/campo/gk-cmp-089-4.png,https://goldenkicks.co.mz/assets/PRODUCTS/campo/gk-cmp-089-5.png,https://goldenkicks.co.mz/assets/PRODUCTS/campo/gk-cmp-089-6.png
GK-CMP-090,Puma Ultra Ultimate MG #185,Puma,Velocidade,Elite,Chuteiras,MG,15800,Volt / Silver,"35, 36, 37, 38, 39, 40, 41, 42, 43, 44, 45, 46",Edição Elite desenhada para tração elite e controlo superior no relvado MG. Tamanhos disponíveis do 35 ao 46.,Stock Verificado,https://goldenkicks.co.mz/assets/PRODUCTS/campo/gk-cmp-090-1.png,https://goldenkicks.co.mz/assets/PRODUCTS/campo/gk-cmp-090-2.png,https://goldenkicks.co.mz/assets/PRODUCTS/campo/gk-cmp-090-3.png,https://goldenkicks.co.mz/assets/PRODUCTS/campo/gk-cmp-090-4.png,https://goldenkicks.co.mz/assets/PRODUCTS/campo/gk-cmp-090-5.png,https://goldenkicks.co.mz/assets/PRODUCTS/campo/gk-cmp-090-6.png
GK-CMP-091,New Balance Tekela V4 Pro MG #186,New Balance,Controlo,Pro,Chuteiras,MG,8900,Triple Black,"35, 36, 37, 38, 39, 40, 41, 42, 43, 44, 45, 46",Edição Pro desenhada para tração elite e controlo superior no relvado MG. Tamanhos disponíveis do 35 ao 46.,Stock Verificado,https://goldenkicks.co.mz/assets/PRODUCTS/campo/gk-cmp-091-1.png,https://goldenkicks.co.mz/assets/PRODUCTS/campo/gk-cmp-091-2.png,https://goldenkicks.co.mz/assets/PRODUCTS/campo/gk-cmp-091-3.png,https://goldenkicks.co.mz/assets/PRODUCTS/campo/gk-cmp-091-4.png,https://goldenkicks.co.mz/assets/PRODUCTS/campo/gk-cmp-091-5.png,https://goldenkicks.co.mz/assets/PRODUCTS/campo/gk-cmp-091-6.png
GK-CMP-092,Mizuno Morelia Neo IV SG #191,Mizuno,Clássico,Elite,Chuteiras,SG,8900,Volt / Silver,"35, 36, 37, 38, 39, 40, 41, 42, 43, 44, 45, 46",Edição Elite desenhada para tração elite e controlo superior no relvado SG. Tamanhos disponíveis do 35 ao 46.,Stock Verificado,https://goldenkicks.co.mz/assets/PRODUCTS/campo/gk-cmp-092-1.png,https://goldenkicks.co.mz/assets/PRODUCTS/campo/gk-cmp-092-2.png,https://goldenkicks.co.mz/assets/PRODUCTS/campo/gk-cmp-092-3.png,https://goldenkicks.co.mz/assets/PRODUCTS/campo/gk-cmp-092-4.png,https://goldenkicks.co.mz/assets/PRODUCTS/campo/gk-cmp-092-5.png,https://goldenkicks.co.mz/assets/PRODUCTS/campo/gk-cmp-092-6.png
GK-CMP-093,Mizuno Morelia Neo IV SG #193,Mizuno,Clássico,Elite,Chuteiras,SG,4500,Black / Gold,"35, 36, 37, 38, 39, 40, 41, 42, 43, 44, 45, 46",Edição Elite desenhada para tração elite e controlo superior no relvado SG. Tamanhos disponíveis do 35 ao 46.,Stock Verificado,https://goldenkicks.co.mz/assets/PRODUCTS/campo/gk-cmp-093-1.png,https://goldenkicks.co.mz/assets/PRODUCTS/campo/gk-cmp-093-2.png,https://goldenkicks.co.mz/assets/PRODUCTS/campo/gk-cmp-093-3.png,https://goldenkicks.co.mz/assets/PRODUCTS/campo/gk-cmp-093-4.png,https://goldenkicks.co.mz/assets/PRODUCTS/campo/gk-cmp-093-5.png,https://goldenkicks.co.mz/assets/PRODUCTS/campo/gk-cmp-093-6.png
GK-CMP-094,Puma Future Ultimate SG #195,Puma,Agilidade,Academy,Chuteiras,SG,18500,Volt / Silver,"35, 36, 37, 38, 39, 40, 41, 42, 43, 44, 45, 46",Edição Academy desenhada para tração elite e controlo superior no relvado SG. Tamanhos disponíveis do 35 ao 46.,Stock Verificado,https://goldenkicks.co.mz/assets/PRODUCTS/campo/gk-cmp-094-1.png,https://goldenkicks.co.mz/assets/PRODUCTS/campo/gk-cmp-094-2.png,https://goldenkicks.co.mz/assets/PRODUCTS/campo/gk-cmp-094-3.png,https://goldenkicks.co.mz/assets/PRODUCTS/campo/gk-cmp-094-4.png,https://goldenkicks.co.mz/assets/PRODUCTS/campo/gk-cmp-094-5.png,https://goldenkicks.co.mz/assets/PRODUCTS/campo/gk-cmp-094-6.png
GK-CMP-095,New Balance Tekela V4 Pro MG #196,New Balance,Controlo,Pro,Chuteiras,MG,4500,Volt / Silver,"35, 36, 37, 38, 39, 40, 41, 42, 43, 44, 45, 46",Edição Pro desenhada para tração elite e controlo superior no relvado MG. Tamanhos disponíveis do 35 ao 46.,Mais Vendido,https://goldenkicks.co.mz/assets/PRODUCTS/campo/gk-cmp-095-1.png,https://goldenkicks.co.mz/assets/PRODUCTS/campo/gk-cmp-095-2.png,https://goldenkicks.co.mz/assets/PRODUCTS/campo/gk-cmp-095-3.png,https://goldenkicks.co.mz/assets/PRODUCTS/campo/gk-cmp-095-4.png,https://goldenkicks.co.mz/assets/PRODUCTS/campo/gk-cmp-095-5.png,https://goldenkicks.co.mz/assets/PRODUCTS/campo/gk-cmp-095-6.png
GK-CMP-096,New Balance Tekela V4 Pro SG #197,New Balance,Controlo,Club,Chuteiras,SG,4500,White / Gold,"35, 36, 37, 38, 39, 40, 41, 42, 43, 44, 45, 46",Edição Club desenhada para tração elite e controlo superior no relvado SG. Tamanhos disponíveis do 35 ao 46.,Stock Verificado,https://goldenkicks.co.mz/assets/PRODUCTS/campo/gk-cmp-096-1.png,https://goldenkicks.co.mz/assets/PRODUCTS/campo/gk-cmp-096-2.png,https://goldenkicks.co.mz/assets/PRODUCTS/campo/gk-cmp-096-3.png,https://goldenkicks.co.mz/assets/PRODUCTS/campo/gk-cmp-096-4.png,https://goldenkicks.co.mz/assets/PRODUCTS/campo/gk-cmp-096-5.png,https://goldenkicks.co.mz/assets/PRODUCTS/campo/gk-cmp-096-6.png
GK-CMP-097,Nike Mercurial Vapor 16 IN #198,Nike,Velocidade,Elite,Chuteiras,IN,18500,Phantom / Gold,"35, 36, 37, 38, 39, 40, 41, 42, 43, 44, 45, 46",Edição Elite desenhada para tração elite e controlo superior no relvado IN. Tamanhos disponíveis do 35 ao 46.,Stock Verificado,https://goldenkicks.co.mz/assets/PRODUCTS/campo/gk-cmp-097-1.png,https://goldenkicks.co.mz/assets/PRODUCTS/campo/gk-cmp-097-2.png,https://goldenkicks.co.mz/assets/PRODUCTS/campo/gk-cmp-097-3.png,https://goldenkicks.co.mz/assets/PRODUCTS/campo/gk-cmp-097-4.png,https://goldenkicks.co.mz/assets/PRODUCTS/campo/gk-cmp-097-5.png,https://goldenkicks.co.mz/assets/PRODUCTS/campo/gk-cmp-097-6.png
GK-CMP-098,Adidas Predator Elite AG #200,Adidas,Precisão,Pro,Chuteiras,AG,6800,Volt / Silver,"35, 36, 37, 38, 39, 40, 41, 42, 43, 44, 45, 46",Edição Pro desenhada para tração elite e controlo superior no relvado AG. Tamanhos disponíveis do 35 ao 46.,Edição Especial,https://goldenkicks.co.mz/assets/PRODUCTS/campo/gk-cmp-098-1.png,https://goldenkicks.co.mz/assets/PRODUCTS/campo/gk-cmp-098-2.png,https://goldenkicks.co.mz/assets/PRODUCTS/campo/gk-cmp-098-3.png,https://goldenkicks.co.mz/assets/PRODUCTS/campo/gk-cmp-098-4.png,https://goldenkicks.co.mz/assets/PRODUCTS/campo/gk-cmp-098-5.png,https://goldenkicks.co.mz/assets/PRODUCTS/campo/gk-cmp-098-6.png
GK-CMP-099,Nike Mercurial Vapor 16 HG #202,Nike,Velocidade,Pro,Chuteiras,HG,18500,Black / Gold,"35, 36, 37, 38, 39, 40, 41, 42, 43, 44, 45, 46",Edição Pro desenhada para tração elite e controlo superior no relvado HG. Tamanhos disponíveis do 35 ao 46.,Stock Verificado,https://goldenkicks.co.mz/assets/PRODUCTS/campo/gk-cmp-099-1.png,https://goldenkicks.co.mz/assets/PRODUCTS/campo/gk-cmp-099-2.png,https://goldenkicks.co.mz/assets/PRODUCTS/campo/gk-cmp-099-3.png,https://goldenkicks.co.mz/assets/PRODUCTS/campo/gk-cmp-099-4.png,https://goldenkicks.co.mz/assets/PRODUCTS/campo/gk-cmp-099-5.png,https://goldenkicks.co.mz/assets/PRODUCTS/campo/gk-cmp-099-6.png
GK-CMP-100,Adidas F50 League HG #203,Adidas,Velocidade,Club,Chuteiras,HG,15800,Crimson / Bone,"35, 36, 37, 38, 39, 40, 41, 42, 43, 44, 45, 46",Edição Club desenhada para tração elite e controlo superior no relvado HG. Tamanhos disponíveis do 35 ao 46.,Mais Vendido,https://goldenkicks.co.mz/assets/PRODUCTS/campo/gk-cmp-100-1.png,https://goldenkicks.co.mz/assets/PRODUCTS/campo/gk-cmp-100-2.png,https://goldenkicks.co.mz/assets/PRODUCTS/campo/gk-cmp-100-3.png,https://goldenkicks.co.mz/assets/PRODUCTS/campo/gk-cmp-100-4.png,https://goldenkicks.co.mz/assets/PRODUCTS/campo/gk-cmp-100-5.png,https://goldenkicks.co.mz/assets/PRODUCTS/campo/gk-cmp-100-6.png
GK-CMP-101,Nike Mercurial Vapor 16 HG #205,Nike,Velocidade,Pro,Chuteiras,HG,15800,White / Gold,"35, 36, 37, 38, 39, 40, 41, 42, 43, 44, 45, 46",Edição Pro desenhada para tração elite e controlo superior no relvado HG. Tamanhos disponíveis do 35 ao 46.,Stock Verificado,https://goldenkicks.co.mz/assets/PRODUCTS/campo/gk-cmp-101-1.png,https://goldenkicks.co.mz/assets/PRODUCTS/campo/gk-cmp-101-2.png,https://goldenkicks.co.mz/assets/PRODUCTS/campo/gk-cmp-101-3.png,https://goldenkicks.co.mz/assets/PRODUCTS/campo/gk-cmp-101-4.png,https://goldenkicks.co.mz/assets/PRODUCTS/campo/gk-cmp-101-5.png,https://goldenkicks.co.mz/assets/PRODUCTS/campo/gk-cmp-101-6.png
GK-CMP-102,Adidas Predator Elite SG #206,Adidas,Precisão,Club,Chuteiras,SG,19200,Black / Gold,"35, 36, 37, 38, 39, 40, 41, 42, 43, 44, 45, 46",Edição Club desenhada para tração elite e controlo superior no relvado SG. Tamanhos disponíveis do 35 ao 46.,Stock Verificado,https://goldenkicks.co.mz/assets/PRODUCTS/campo/gk-cmp-102-1.png,https://goldenkicks.co.mz/assets/PRODUCTS/campo/gk-cmp-102-2.png,https://goldenkicks.co.mz/assets/PRODUCTS/campo/gk-cmp-102-3.png,https://goldenkicks.co.mz/assets/PRODUCTS/campo/gk-cmp-102-4.png,https://goldenkicks.co.mz/assets/PRODUCTS/campo/gk-cmp-102-5.png,https://goldenkicks.co.mz/assets/PRODUCTS/campo/gk-cmp-102-6.png
GK-CMP-103,New Balance Furon V7 Pro MG #207,New Balance,Velocidade,Pro,Chuteiras,MG,21500,Black / Gold,"35, 36, 37, 38, 39, 40, 41, 42, 43, 44, 45, 46",Edição Pro desenhada para tração elite e controlo superior no relvado MG. Tamanhos disponíveis do 35 ao 46.,Stock Verificado,https://goldenkicks.co.mz/assets/PRODUCTS/campo/gk-cmp-103-1.png,https://goldenkicks.co.mz/assets/PRODUCTS/campo/gk-cmp-103-2.png,https://goldenkicks.co.mz/assets/PRODUCTS/campo/gk-cmp-103-3.png,https://goldenkicks.co.mz/assets/PRODUCTS/campo/gk-cmp-103-4.png,https://goldenkicks.co.mz/assets/PRODUCTS/campo/gk-cmp-103-5.png,https://goldenkicks.co.mz/assets/PRODUCTS/campo/gk-cmp-103-6.png
GK-CMP-104,New Balance Furon V7 Pro AG #208,New Balance,Velocidade,Pro,Chuteiras,AG,4500,Navy / Volt,"35, 36, 37, 38, 39, 40, 41, 42, 43, 44, 45, 46",Edição Pro desenhada para tração elite e controlo superior no relvado AG. Tamanhos disponíveis do 35 ao 46.,Stock Verificado,https://goldenkicks.co.mz/assets/PRODUCTS/campo/gk-cmp-104-1.png,https://goldenkicks.co.mz/assets/PRODUCTS/campo/gk-cmp-104-2.png,https://goldenkicks.co.mz/assets/PRODUCTS/campo/gk-cmp-104-3.png,https://goldenkicks.co.mz/assets/PRODUCTS/campo/gk-cmp-104-4.png,https://goldenkicks.co.mz/assets/PRODUCTS/campo/gk-cmp-104-5.png,https://goldenkicks.co.mz/assets/PRODUCTS/campo/gk-cmp-104-6.png
GK-CMP-105,New Balance Tekela V4 Pro FG #209,New Balance,Controlo,Elite,Chuteiras,FG,4500,Phantom / Gold,"35, 36, 37, 38, 39, 40, 41, 42, 43, 44, 45, 46",Edição Elite desenhada para tração elite e controlo superior no relvado FG. Tamanhos disponíveis do 35 ao 46.,Stock Verificado,https://goldenkicks.co.mz/assets/PRODUCTS/campo/gk-cmp-105-1.png,https://goldenkicks.co.mz/assets/PRODUCTS/campo/gk-cmp-105-2.png,https://goldenkicks.co.mz/assets/PRODUCTS/campo/gk-cmp-105-3.png,https://goldenkicks.co.mz/assets/PRODUCTS/campo/gk-cmp-105-4.png,https://goldenkicks.co.mz/assets/PRODUCTS/campo/gk-cmp-105-5.png,https://goldenkicks.co.mz/assets/PRODUCTS/campo/gk-cmp-105-6.png
GK-CMP-106,Nike Mercurial Vapor 16 AG #211,Nike,Velocidade,Elite,Chuteiras,AG,8900,White / Gold,"35, 36, 37, 38, 39, 40, 41, 42, 43, 44, 45, 46",Edição Elite desenhada para tração elite e controlo superior no relvado AG. Tamanhos disponíveis do 35 ao 46.,Stock Verificado,https://goldenkicks.co.mz/assets/PRODUCTS/campo/gk-cmp-106-1.png,https://goldenkicks.co.mz/assets/PRODUCTS/campo/gk-cmp-106-2.png,https://goldenkicks.co.mz/assets/PRODUCTS/campo/gk-cmp-106-3.png,https://goldenkicks.co.mz/assets/PRODUCTS/campo/gk-cmp-106-4.png,https://goldenkicks.co.mz/assets/PRODUCTS/campo/gk-cmp-106-5.png,https://goldenkicks.co.mz/assets/PRODUCTS/campo/gk-cmp-106-6.png
GK-CMP-107,Nike Mercurial Vapor 16 IN #212,Nike,Velocidade,Club,Chuteiras,IN,12500,Phantom / Gold,"35, 36, 37, 38, 39, 40, 41, 42, 43, 44, 45, 46",Edição Club desenhada para tração elite e controlo superior no relvado IN. Tamanhos disponíveis do 35 ao 46.,Stock Verificado,https://goldenkicks.co.mz/assets/PRODUCTS/campo/gk-cmp-107-1.png,https://goldenkicks.co.mz/assets/PRODUCTS/campo/gk-cmp-107-2.png,https://goldenkicks.co.mz/assets/PRODUCTS/campo/gk-cmp-107-3.png,https://goldenkicks.co.mz/assets/PRODUCTS/campo/gk-cmp-107-4.png,https://goldenkicks.co.mz/assets/PRODUCTS/campo/gk-cmp-107-5.png,https://goldenkicks.co.mz/assets/PRODUCTS/campo/gk-cmp-107-6.png
GK-CMP-108,New Balance Furon V7 Pro AG #213,New Balance,Velocidade,Pro,Chuteiras,AG,8900,Black / Gold,"35, 36, 37, 38, 39, 40, 41, 42, 43, 44, 45, 46",Edição Pro desenhada para tração elite e controlo superior no relvado AG. Tamanhos disponíveis do 35 ao 46.,Stock Verificado,https://goldenkicks.co.mz/assets/PRODUCTS/campo/gk-cmp-108-1.png,https://goldenkicks.co.mz/assets/PRODUCTS/campo/gk-cmp-108-2.png,https://goldenkicks.co.mz/assets/PRODUCTS/campo/gk-cmp-108-3.png,https://goldenkicks.co.mz/assets/PRODUCTS/campo/gk-cmp-108-4.png,https://goldenkicks.co.mz/assets/PRODUCTS/campo/gk-cmp-108-5.png,https://goldenkicks.co.mz/assets/PRODUCTS/campo/gk-cmp-108-6.png
GK-CMP-109,New Balance Furon V7 Pro FG #215,New Balance,Velocidade,Club,Chuteiras,FG,18500,Crimson / Bone,"35, 36, 37, 38, 39, 40, 41, 42, 43, 44, 45, 46",Edição Club desenhada para tração elite e controlo superior no relvado FG. Tamanhos disponíveis do 35 ao 46.,Stock Verificado,https://goldenkicks.co.mz/assets/PRODUCTS/campo/gk-cmp-109-1.png,https://goldenkicks.co.mz/assets/PRODUCTS/campo/gk-cmp-109-2.png,https://goldenkicks.co.mz/assets/PRODUCTS/campo/gk-cmp-109-3.png,https://goldenkicks.co.mz/assets/PRODUCTS/campo/gk-cmp-109-4.png,https://goldenkicks.co.mz/assets/PRODUCTS/campo/gk-cmp-109-5.png,https://goldenkicks.co.mz/assets/PRODUCTS/campo/gk-cmp-109-6.png
GK-CMP-110,Adidas Predator Elite IN #219,Adidas,Precisão,Academy,Chuteiras,IN,12500,Navy / Volt,"35, 36, 37, 38, 39, 40, 41, 42, 43, 44, 45, 46",Edição Academy desenhada para tração elite e controlo superior no relvado IN. Tamanhos disponíveis do 35 ao 46.,Stock Verificado,https://goldenkicks.co.mz/assets/PRODUCTS/campo/gk-cmp-110-1.png,https://goldenkicks.co.mz/assets/PRODUCTS/campo/gk-cmp-110-2.png,https://goldenkicks.co.mz/assets/PRODUCTS/campo/gk-cmp-110-3.png,https://goldenkicks.co.mz/assets/PRODUCTS/campo/gk-cmp-110-4.png,https://goldenkicks.co.mz/assets/PRODUCTS/campo/gk-cmp-110-5.png,https://goldenkicks.co.mz/assets/PRODUCTS/campo/gk-cmp-110-6.png
GK-CMP-111,Joma Top Flex Rebound IN #222,Joma,Clássico,Elite,Chuteiras,IN,8900,Crimson / Bone,"35, 36, 37, 38, 39, 40, 41, 42, 43, 44, 45, 46",Edição Elite desenhada para tração elite e controlo superior no relvado IN. Tamanhos disponíveis do 35 ao 46.,Stock Verificado,https://goldenkicks.co.mz/assets/PRODUCTS/campo/gk-cmp-111-1.png,https://goldenkicks.co.mz/assets/PRODUCTS/campo/gk-cmp-111-2.png,https://goldenkicks.co.mz/assets/PRODUCTS/campo/gk-cmp-111-3.png,https://goldenkicks.co.mz/assets/PRODUCTS/campo/gk-cmp-111-4.png,https://goldenkicks.co.mz/assets/PRODUCTS/campo/gk-cmp-111-5.png,https://goldenkicks.co.mz/assets/PRODUCTS/campo/gk-cmp-111-6.png
GK-CMP-112,Nike Phantom GX 2 SG #223,Nike,Controlo,Elite,Chuteiras,SG,18500,Volt / Silver,"35, 36, 37, 38, 39, 40, 41, 42, 43, 44, 45, 46",Edição Elite desenhada para tração elite e controlo superior no relvado SG. Tamanhos disponíveis do 35 ao 46.,Stock Verificado,https://goldenkicks.co.mz/assets/PRODUCTS/campo/gk-cmp-112-1.png,https://goldenkicks.co.mz/assets/PRODUCTS/campo/gk-cmp-112-2.png,https://goldenkicks.co.mz/assets/PRODUCTS/campo/gk-cmp-112-3.png,https://goldenkicks.co.mz/assets/PRODUCTS/campo/gk-cmp-112-4.png,https://goldenkicks.co.mz/assets/PRODUCTS/campo/gk-cmp-112-5.png,https://goldenkicks.co.mz/assets/PRODUCTS/campo/gk-cmp-112-6.png
GK-CMP-113,Adidas Predator Elite IN #224,Adidas,Precisão,Pro,Chuteiras,IN,6800,Crimson / Bone,"35, 36, 37, 38, 39, 40, 41, 42, 43, 44, 45, 46",Edição Pro desenhada para tração elite e controlo superior no relvado IN. Tamanhos disponíveis do 35 ao 46.,Mais Vendido,https://goldenkicks.co.mz/assets/PRODUCTS/campo/gk-cmp-113-1.png,https://goldenkicks.co.mz/assets/PRODUCTS/campo/gk-cmp-113-2.png,https://goldenkicks.co.mz/assets/PRODUCTS/campo/gk-cmp-113-3.png,https://goldenkicks.co.mz/assets/PRODUCTS/campo/gk-cmp-113-4.png,https://goldenkicks.co.mz/assets/PRODUCTS/campo/gk-cmp-113-5.png,https://goldenkicks.co.mz/assets/PRODUCTS/campo/gk-cmp-113-6.png
GK-CMP-114,Nike Phantom GX 2 IN #225,Nike,Controlo,Pro,Chuteiras,IN,4500,Triple Black,"35, 36, 37, 38, 39, 40, 41, 42, 43, 44, 45, 46",Edição Pro desenhada para tração elite e controlo superior no relvado IN. Tamanhos disponíveis do 35 ao 46.,Stock Verificado,https://goldenkicks.co.mz/assets/PRODUCTS/campo/gk-cmp-114-1.png,https://goldenkicks.co.mz/assets/PRODUCTS/campo/gk-cmp-114-2.png,https://goldenkicks.co.mz/assets/PRODUCTS/campo/gk-cmp-114-3.png,https://goldenkicks.co.mz/assets/PRODUCTS/campo/gk-cmp-114-4.png,https://goldenkicks.co.mz/assets/PRODUCTS/campo/gk-cmp-114-5.png,https://goldenkicks.co.mz/assets/PRODUCTS/campo/gk-cmp-114-6.png
GK-CMP-115,Nike Mercurial Vapor 16 MG #229,Nike,Velocidade,Elite,Chuteiras,MG,19200,White / Gold,"35, 36, 37, 38, 39, 40, 41, 42, 43, 44, 45, 46",Edição Elite desenhada para tração elite e controlo superior no relvado MG. Tamanhos disponíveis do 35 ao 46.,Stock Verificado,https://goldenkicks.co.mz/assets/PRODUCTS/campo/gk-cmp-115-1.png,https://goldenkicks.co.mz/assets/PRODUCTS/campo/gk-cmp-115-2.png,https://goldenkicks.co.mz/assets/PRODUCTS/campo/gk-cmp-115-3.png,https://goldenkicks.co.mz/assets/PRODUCTS/campo/gk-cmp-115-4.png,https://goldenkicks.co.mz/assets/PRODUCTS/campo/gk-cmp-115-5.png,https://goldenkicks.co.mz/assets/PRODUCTS/campo/gk-cmp-115-6.png
GK-CMP-116,New Balance Furon V7 Pro IN #230,New Balance,Velocidade,Pro,Chuteiras,IN,4500,Phantom / Gold,"35, 36, 37, 38, 39, 40, 41, 42, 43, 44, 45, 46",Edição Pro desenhada para tração elite e controlo superior no relvado IN. Tamanhos disponíveis do 35 ao 46.,Edição Especial,https://goldenkicks.co.mz/assets/PRODUCTS/campo/gk-cmp-116-1.png,https://goldenkicks.co.mz/assets/PRODUCTS/campo/gk-cmp-116-2.png,https://goldenkicks.co.mz/assets/PRODUCTS/campo/gk-cmp-116-3.png,https://goldenkicks.co.mz/assets/PRODUCTS/campo/gk-cmp-116-4.png,https://goldenkicks.co.mz/assets/PRODUCTS/campo/gk-cmp-116-5.png,https://goldenkicks.co.mz/assets/PRODUCTS/campo/gk-cmp-116-6.png
GK-CMP-117,Adidas F50 League HG #233,Adidas,Velocidade,Pro,Chuteiras,HG,15800,White / Gold,"35, 36, 37, 38, 39, 40, 41, 42, 43, 44, 45, 46",Edição Pro desenhada para tração elite e controlo superior no relvado HG. Tamanhos disponíveis do 35 ao 46.,Stock Verificado,https://goldenkicks.co.mz/assets/PRODUCTS/campo/gk-cmp-117-1.png,https://goldenkicks.co.mz/assets/PRODUCTS/campo/gk-cmp-117-2.png,https://goldenkicks.co.mz/assets/PRODUCTS/campo/gk-cmp-117-3.png,https://goldenkicks.co.mz/assets/PRODUCTS/campo/gk-cmp-117-4.png,https://goldenkicks.co.mz/assets/PRODUCTS/campo/gk-cmp-117-5.png,https://goldenkicks.co.mz/assets/PRODUCTS/campo/gk-cmp-117-6.png
GK-CMP-118,Puma Ultra Ultimate HG #234,Puma,Velocidade,Pro,Chuteiras,HG,12500,Triple Black,"35, 36, 37, 38, 39, 40, 41, 42, 43, 44, 45, 46",Edição Pro desenhada para tração elite e controlo superior no relvado HG. Tamanhos disponíveis do 35 ao 46.,Stock Verificado,https://goldenkicks.co.mz/assets/PRODUCTS/campo/gk-cmp-118-1.png,https://goldenkicks.co.mz/assets/PRODUCTS/campo/gk-cmp-118-2.png,https://goldenkicks.co.mz/assets/PRODUCTS/campo/gk-cmp-118-3.png,https://goldenkicks.co.mz/assets/PRODUCTS/campo/gk-cmp-118-4.png,https://goldenkicks.co.mz/assets/PRODUCTS/campo/gk-cmp-118-5.png,https://goldenkicks.co.mz/assets/PRODUCTS/campo/gk-cmp-118-6.png
GK-CMP-119,New Balance Tekela V4 Pro IN #237,New Balance,Controlo,Elite,Chuteiras,IN,18500,Volt / Silver,"35, 36, 37, 38, 39, 40, 41, 42, 43, 44, 45, 46",Edição Elite desenhada para tração elite e controlo superior no relvado IN. Tamanhos disponíveis do 35 ao 46.,Stock Verificado,https://goldenkicks.co.mz/assets/PRODUCTS/campo/gk-cmp-119-1.png,https://goldenkicks.co.mz/assets/PRODUCTS/campo/gk-cmp-119-2.png,https://goldenkicks.co.mz/assets/PRODUCTS/campo/gk-cmp-119-3.png,https://goldenkicks.co.mz/assets/PRODUCTS/campo/gk-cmp-119-4.png,https://goldenkicks.co.mz/assets/PRODUCTS/campo/gk-cmp-119-5.png,https://goldenkicks.co.mz/assets/PRODUCTS/campo/gk-cmp-119-6.png
GK-CMP-120,New Balance Furon V7 Pro SG #240,New Balance,Velocidade,Club,Chuteiras,SG,12500,White / Gold,"35, 36, 37, 38, 39, 40, 41, 42, 43, 44, 45, 46",Edição Club desenhada para tração elite e controlo superior no relvado SG. Tamanhos disponíveis do 35 ao 46.,Edição Especial,https://goldenkicks.co.mz/assets/PRODUCTS/campo/gk-cmp-120-1.png,https://goldenkicks.co.mz/assets/PRODUCTS/campo/gk-cmp-120-2.png,https://goldenkicks.co.mz/assets/PRODUCTS/campo/gk-cmp-120-3.png,https://goldenkicks.co.mz/assets/PRODUCTS/campo/gk-cmp-120-4.png,https://goldenkicks.co.mz/assets/PRODUCTS/campo/gk-cmp-120-5.png,https://goldenkicks.co.mz/assets/PRODUCTS/campo/gk-cmp-120-6.png
GK-CMP-121,Mizuno Morelia Neo IV IN #241,Mizuno,Clássico,Elite,Chuteiras,IN,8900,Navy / Volt,"35, 36, 37, 38, 39, 40, 41, 42, 43, 44, 45, 46",Edição Elite desenhada para tração elite e controlo superior no relvado IN. Tamanhos disponíveis do 35 ao 46.,Stock Verificado,https://goldenkicks.co.mz/assets/PRODUCTS/campo/gk-cmp-121-1.png,https://goldenkicks.co.mz/assets/PRODUCTS/campo/gk-cmp-121-2.png,https://goldenkicks.co.mz/assets/PRODUCTS/campo/gk-cmp-121-3.png,https://goldenkicks.co.mz/assets/PRODUCTS/campo/gk-cmp-121-4.png,https://goldenkicks.co.mz/assets/PRODUCTS/campo/gk-cmp-121-5.png,https://goldenkicks.co.mz/assets/PRODUCTS/campo/gk-cmp-121-6.png
GK-CMP-122,Puma Future Ultimate IN #242,Puma,Agilidade,Elite,Chuteiras,IN,19200,Triple Black,"35, 36, 37, 38, 39, 40, 41, 42, 43, 44, 45, 46",Edição Elite desenhada para tração elite e controlo superior no relvado IN. Tamanhos disponíveis do 35 ao 46.,Stock Verificado,https://goldenkicks.co.mz/assets/PRODUCTS/campo/gk-cmp-122-1.png,https://goldenkicks.co.mz/assets/PRODUCTS/campo/gk-cmp-122-2.png,https://goldenkicks.co.mz/assets/PRODUCTS/campo/gk-cmp-122-3.png,https://goldenkicks.co.mz/assets/PRODUCTS/campo/gk-cmp-122-4.png,https://goldenkicks.co.mz/assets/PRODUCTS/campo/gk-cmp-122-5.png,https://goldenkicks.co.mz/assets/PRODUCTS/campo/gk-cmp-122-6.png
GK-CMP-123,Mizuno Morelia Neo IV SG #243,Mizuno,Clássico,Pro,Chuteiras,SG,12500,Phantom / Gold,"35, 36, 37, 38, 39, 40, 41, 42, 43, 44, 45, 46",Edição Pro desenhada para tração elite e controlo superior no relvado SG. Tamanhos disponíveis do 35 ao 46.,Stock Verificado,https://goldenkicks.co.mz/assets/PRODUCTS/campo/gk-cmp-123-1.png,https://goldenkicks.co.mz/assets/PRODUCTS/campo/gk-cmp-123-2.png,https://goldenkicks.co.mz/assets/PRODUCTS/campo/gk-cmp-123-3.png,https://goldenkicks.co.mz/assets/PRODUCTS/campo/gk-cmp-123-4.png,https://goldenkicks.co.mz/assets/PRODUCTS/campo/gk-cmp-123-5.png,https://goldenkicks.co.mz/assets/PRODUCTS/campo/gk-cmp-123-6.png
GK-CMP-124,Nike Mercurial Vapor 16 AG #244,Nike,Velocidade,Pro,Chuteiras,AG,15800,Black / Gold,"35, 36, 37, 38, 39, 40, 41, 42, 43, 44, 45, 46",Edição Pro desenhada para tração elite e controlo superior no relvado AG. Tamanhos disponíveis do 35 ao 46.,Stock Verificado,https://goldenkicks.co.mz/assets/PRODUCTS/campo/gk-cmp-124-1.png,https://goldenkicks.co.mz/assets/PRODUCTS/campo/gk-cmp-124-2.png,https://goldenkicks.co.mz/assets/PRODUCTS/campo/gk-cmp-124-3.png,https://goldenkicks.co.mz/assets/PRODUCTS/campo/gk-cmp-124-4.png,https://goldenkicks.co.mz/assets/PRODUCTS/campo/gk-cmp-124-5.png,https://goldenkicks.co.mz/assets/PRODUCTS/campo/gk-cmp-124-6.png
GK-CMP-125,Joma Top Flex Rebound IN #248,Joma,Clássico,Elite,Chuteiras,IN,18500,Triple Black,"35, 36, 37, 38, 39, 40, 41, 42, 43, 44, 45, 46",Edição Elite desenhada para tração elite e controlo superior no relvado IN. Tamanhos disponíveis do 35 ao 46.,Stock Verificado,https://goldenkicks.co.mz/assets/PRODUCTS/campo/gk-cmp-125-1.png,https://goldenkicks.co.mz/assets/PRODUCTS/campo/gk-cmp-125-2.png,https://goldenkicks.co.mz/assets/PRODUCTS/campo/gk-cmp-125-3.png,https://goldenkicks.co.mz/assets/PRODUCTS/campo/gk-cmp-125-4.png,https://goldenkicks.co.mz/assets/PRODUCTS/campo/gk-cmp-125-5.png,https://goldenkicks.co.mz/assets/PRODUCTS/campo/gk-cmp-125-6.png
GK-CMP-126,Puma Future Ultimate SG #249,Puma,Agilidade,Pro,Chuteiras,SG,8900,Crimson / Bone,"35, 36, 37, 38, 39, 40, 41, 42, 43, 44, 45, 46",Edição Pro desenhada para tração elite e controlo superior no relvado SG. Tamanhos disponíveis do 35 ao 46.,Stock Verificado,https://goldenkicks.co.mz/assets/PRODUCTS/campo/gk-cmp-126-1.png,https://goldenkicks.co.mz/assets/PRODUCTS/campo/gk-cmp-126-2.png,https://goldenkicks.co.mz/assets/PRODUCTS/campo/gk-cmp-126-3.png,https://goldenkicks.co.mz/assets/PRODUCTS/campo/gk-cmp-126-4.png,https://goldenkicks.co.mz/assets/PRODUCTS/campo/gk-cmp-126-5.png,https://goldenkicks.co.mz/assets/PRODUCTS/campo/gk-cmp-126-6.png
GK-CMP-127,New Balance Furon V7 Pro HG #253,New Balance,Velocidade,Elite,Chuteiras,HG,15800,Triple Black,"35, 36, 37, 38, 39, 40, 41, 42, 43, 44, 45, 46",Edição Elite desenhada para tração elite e controlo superior no relvado HG. Tamanhos disponíveis do 35 ao 46.,Stock Verificado,https://goldenkicks.co.mz/assets/PRODUCTS/campo/gk-cmp-127-1.png,https://goldenkicks.co.mz/assets/PRODUCTS/campo/gk-cmp-127-2.png,https://goldenkicks.co.mz/assets/PRODUCTS/campo/gk-cmp-127-3.png,https://goldenkicks.co.mz/assets/PRODUCTS/campo/gk-cmp-127-4.png,https://goldenkicks.co.mz/assets/PRODUCTS/campo/gk-cmp-127-5.png,https://goldenkicks.co.mz/assets/PRODUCTS/campo/gk-cmp-127-6.png
GK-CMP-128,Adidas F50 League HG #254,Adidas,Velocidade,Elite,Chuteiras,HG,18500,Crimson / Bone,"35, 36, 37, 38, 39, 40, 41, 42, 43, 44, 45, 46",Edição Elite desenhada para tração elite e controlo superior no relvado HG. Tamanhos disponíveis do 35 ao 46.,Stock Verificado,https://goldenkicks.co.mz/assets/PRODUCTS/campo/gk-cmp-128-1.png,https://goldenkicks.co.mz/assets/PRODUCTS/campo/gk-cmp-128-2.png,https://goldenkicks.co.mz/assets/PRODUCTS/campo/gk-cmp-128-3.png,https://goldenkicks.co.mz/assets/PRODUCTS/campo/gk-cmp-128-4.png,https://goldenkicks.co.mz/assets/PRODUCTS/campo/gk-cmp-128-5.png,https://goldenkicks.co.mz/assets/PRODUCTS/campo/gk-cmp-128-6.png
GK-CMP-129,Puma Ultra Ultimate MG #255,Puma,Velocidade,Pro,Chuteiras,MG,12500,Crimson / Bone,"35, 36, 37, 38, 39, 40, 41, 42, 43, 44, 45, 46",Edição Pro desenhada para tração elite e controlo superior no relvado MG. Tamanhos disponíveis do 35 ao 46.,Stock Verificado,https://goldenkicks.co.mz/assets/PRODUCTS/campo/gk-cmp-129-1.png,https://goldenkicks.co.mz/assets/PRODUCTS/campo/gk-cmp-129-2.png,https://goldenkicks.co.mz/assets/PRODUCTS/campo/gk-cmp-129-3.png,https://goldenkicks.co.mz/assets/PRODUCTS/campo/gk-cmp-129-4.png,https://goldenkicks.co.mz/assets/PRODUCTS/campo/gk-cmp-129-5.png,https://goldenkicks.co.mz/assets/PRODUCTS/campo/gk-cmp-129-6.png
GK-CMP-130,Nike Phantom GX 2 FG #256,Nike,Controlo,Elite,Chuteiras,FG,8900,Black / Gold,"35, 36, 37, 38, 39, 40, 41, 42, 43, 44, 45, 46",Edição Elite desenhada para tração elite e controlo superior no relvado FG. Tamanhos disponíveis do 35 ao 46.,Stock Verificado,https://goldenkicks.co.mz/assets/PRODUCTS/campo/gk-cmp-130-1.png,https://goldenkicks.co.mz/assets/PRODUCTS/campo/gk-cmp-130-2.png,https://goldenkicks.co.mz/assets/PRODUCTS/campo/gk-cmp-130-3.png,https://goldenkicks.co.mz/assets/PRODUCTS/campo/gk-cmp-130-4.png,https://goldenkicks.co.mz/assets/PRODUCTS/campo/gk-cmp-130-5.png,https://goldenkicks.co.mz/assets/PRODUCTS/campo/gk-cmp-130-6.png
GK-CMP-131,Adidas Predator Elite IN #258,Adidas,Precisão,Academy,Chuteiras,IN,8900,Navy / Volt,"35, 36, 37, 38, 39, 40, 41, 42, 43, 44, 45, 46",Edição Academy desenhada para tração elite e controlo superior no relvado IN. Tamanhos disponíveis do 35 ao 46.,Stock Verificado,https://goldenkicks.co.mz/assets/PRODUCTS/campo/gk-cmp-131-1.png,https://goldenkicks.co.mz/assets/PRODUCTS/campo/gk-cmp-131-2.png,https://goldenkicks.co.mz/assets/PRODUCTS/campo/gk-cmp-131-3.png,https://goldenkicks.co.mz/assets/PRODUCTS/campo/gk-cmp-131-4.png,https://goldenkicks.co.mz/assets/PRODUCTS/campo/gk-cmp-131-5.png,https://goldenkicks.co.mz/assets/PRODUCTS/campo/gk-cmp-131-6.png
GK-CMP-132,Joma Top Flex Rebound FG #264,Joma,Clássico,Club,Chuteiras,FG,18500,Navy / Volt,"35, 36, 37, 38, 39, 40, 41, 42, 43, 44, 45, 46",Edição Club desenhada para tração elite e controlo superior no relvado FG. Tamanhos disponíveis do 35 ao 46.,Stock Verificado,https://goldenkicks.co.mz/assets/PRODUCTS/campo/gk-cmp-132-1.png,https://goldenkicks.co.mz/assets/PRODUCTS/campo/gk-cmp-132-2.png,https://goldenkicks.co.mz/assets/PRODUCTS/campo/gk-cmp-132-3.png,https://goldenkicks.co.mz/assets/PRODUCTS/campo/gk-cmp-132-4.png,https://goldenkicks.co.mz/assets/PRODUCTS/campo/gk-cmp-132-5.png,https://goldenkicks.co.mz/assets/PRODUCTS/campo/gk-cmp-132-6.png
GK-CMP-133,Mizuno Morelia Neo IV IN #266,Mizuno,Clássico,Elite,Chuteiras,IN,21500,Crimson / Bone,"35, 36, 37, 38, 39, 40, 41, 42, 43, 44, 45, 46",Edição Elite desenhada para tração elite e controlo superior no relvado IN. Tamanhos disponíveis do 35 ao 46.,Mais Vendido,https://goldenkicks.co.mz/assets/PRODUCTS/campo/gk-cmp-133-1.png,https://goldenkicks.co.mz/assets/PRODUCTS/campo/gk-cmp-133-2.png,https://goldenkicks.co.mz/assets/PRODUCTS/campo/gk-cmp-133-3.png,https://goldenkicks.co.mz/assets/PRODUCTS/campo/gk-cmp-133-4.png,https://goldenkicks.co.mz/assets/PRODUCTS/campo/gk-cmp-133-5.png,https://goldenkicks.co.mz/assets/PRODUCTS/campo/gk-cmp-133-6.png
GK-CMP-134,Nike Mercurial Vapor 16 IN #268,Nike,Velocidade,Club,Chuteiras,IN,6800,Volt / Silver,"35, 36, 37, 38, 39, 40, 41, 42, 43, 44, 45, 46",Edição Club desenhada para tração elite e controlo superior no relvado IN. Tamanhos disponíveis do 35 ao 46.,Stock Verificado,https://goldenkicks.co.mz/assets/PRODUCTS/campo/gk-cmp-134-1.png,https://goldenkicks.co.mz/assets/PRODUCTS/campo/gk-cmp-134-2.png,https://goldenkicks.co.mz/assets/PRODUCTS/campo/gk-cmp-134-3.png,https://goldenkicks.co.mz/assets/PRODUCTS/campo/gk-cmp-134-4.png,https://goldenkicks.co.mz/assets/PRODUCTS/campo/gk-cmp-134-5.png,https://goldenkicks.co.mz/assets/PRODUCTS/campo/gk-cmp-134-6.png
GK-CMP-135,Adidas Predator Elite MG #269,Adidas,Precisão,Elite,Chuteiras,MG,12500,Volt / Silver,"35, 36, 37, 38, 39, 40, 41, 42, 43, 44, 45, 46",Edição Elite desenhada para tração elite e controlo superior no relvado MG. Tamanhos disponíveis do 35 ao 46.,Stock Verificado,https://goldenkicks.co.mz/assets/PRODUCTS/campo/gk-cmp-135-1.png,https://goldenkicks.co.mz/assets/PRODUCTS/campo/gk-cmp-135-2.png,https://goldenkicks.co.mz/assets/PRODUCTS/campo/gk-cmp-135-3.png,https://goldenkicks.co.mz/assets/PRODUCTS/campo/gk-cmp-135-4.png,https://goldenkicks.co.mz/assets/PRODUCTS/campo/gk-cmp-135-5.png,https://goldenkicks.co.mz/assets/PRODUCTS/campo/gk-cmp-135-6.png
GK-CMP-136,Nike Mercurial Vapor 16 SG #270,Nike,Velocidade,Pro,Chuteiras,SG,18500,Triple Black,"35, 36, 37, 38, 39, 40, 41, 42, 43, 44, 45, 46",Edição Pro desenhada para tração elite e controlo superior no relvado SG. Tamanhos disponíveis do 35 ao 46.,Edição Especial,https://goldenkicks.co.mz/assets/PRODUCTS/campo/gk-cmp-136-1.png,https://goldenkicks.co.mz/assets/PRODUCTS/campo/gk-cmp-136-2.png,https://goldenkicks.co.mz/assets/PRODUCTS/campo/gk-cmp-136-3.png,https://goldenkicks.co.mz/assets/PRODUCTS/campo/gk-cmp-136-4.png,https://goldenkicks.co.mz/assets/PRODUCTS/campo/gk-cmp-136-5.png,https://goldenkicks.co.mz/assets/PRODUCTS/campo/gk-cmp-136-6.png
GK-CMP-137,Puma Future Ultimate MG #271,Puma,Agilidade,Elite,Chuteiras,MG,18500,Volt / Silver,"35, 36, 37, 38, 39, 40, 41, 42, 43, 44, 45, 46",Edição Elite desenhada para tração elite e controlo superior no relvado MG. Tamanhos disponíveis do 35 ao 46.,Stock Verificado,https://goldenkicks.co.mz/assets/PRODUCTS/campo/gk-cmp-137-1.png,https://goldenkicks.co.mz/assets/PRODUCTS/campo/gk-cmp-137-2.png,https://goldenkicks.co.mz/assets/PRODUCTS/campo/gk-cmp-137-3.png,https://goldenkicks.co.mz/assets/PRODUCTS/campo/gk-cmp-137-4.png,https://goldenkicks.co.mz/assets/PRODUCTS/campo/gk-cmp-137-5.png,https://goldenkicks.co.mz/assets/PRODUCTS/campo/gk-cmp-137-6.png
GK-CMP-138,Adidas Predator Elite IN #272,Adidas,Precisão,Elite,Chuteiras,IN,18500,Volt / Silver,"35, 36, 37, 38, 39, 40, 41, 42, 43, 44, 45, 46",Edição Elite desenhada para tração elite e controlo superior no relvado IN. Tamanhos disponíveis do 35 ao 46.,Stock Verificado,https://goldenkicks.co.mz/assets/PRODUCTS/campo/gk-cmp-138-1.png,https://goldenkicks.co.mz/assets/PRODUCTS/campo/gk-cmp-138-2.png,https://goldenkicks.co.mz/assets/PRODUCTS/campo/gk-cmp-138-3.png,https://goldenkicks.co.mz/assets/PRODUCTS/campo/gk-cmp-138-4.png,https://goldenkicks.co.mz/assets/PRODUCTS/campo/gk-cmp-138-5.png,https://goldenkicks.co.mz/assets/PRODUCTS/campo/gk-cmp-138-6.png
GK-CMP-139,Puma Ultra Ultimate IN #274,Puma,Velocidade,Elite,Chuteiras,IN,6800,Navy / Volt,"35, 36, 37, 38, 39, 40, 41, 42, 43, 44, 45, 46",Edição Elite desenhada para tração elite e controlo superior no relvado IN. Tamanhos disponíveis do 35 ao 46.,Stock Verificado,https://goldenkicks.co.mz/assets/PRODUCTS/campo/gk-cmp-139-1.png,https://goldenkicks.co.mz/assets/PRODUCTS/campo/gk-cmp-139-2.png,https://goldenkicks.co.mz/assets/PRODUCTS/campo/gk-cmp-139-3.png,https://goldenkicks.co.mz/assets/PRODUCTS/campo/gk-cmp-139-4.png,https://goldenkicks.co.mz/assets/PRODUCTS/campo/gk-cmp-139-5.png,https://goldenkicks.co.mz/assets/PRODUCTS/campo/gk-cmp-139-6.png
GK-CMP-140,Puma Future Ultimate MG #276,Puma,Agilidade,Pro,Chuteiras,MG,19200,Navy / Volt,"35, 36, 37, 38, 39, 40, 41, 42, 43, 44, 45, 46",Edição Pro desenhada para tração elite e controlo superior no relvado MG. Tamanhos disponíveis do 35 ao 46.,Stock Verificado,https://goldenkicks.co.mz/assets/PRODUCTS/campo/gk-cmp-140-1.png,https://goldenkicks.co.mz/assets/PRODUCTS/campo/gk-cmp-140-2.png,https://goldenkicks.co.mz/assets/PRODUCTS/campo/gk-cmp-140-3.png,https://goldenkicks.co.mz/assets/PRODUCTS/campo/gk-cmp-140-4.png,https://goldenkicks.co.mz/assets/PRODUCTS/campo/gk-cmp-140-5.png,https://goldenkicks.co.mz/assets/PRODUCTS/campo/gk-cmp-140-6.png
GK-CMP-141,New Balance Tekela V4 Pro AG #277,New Balance,Controlo,Pro,Chuteiras,AG,6800,Volt / Silver,"35, 36, 37, 38, 39, 40, 41, 42, 43, 44, 45, 46",Edição Pro desenhada para tração elite e controlo superior no relvado AG. Tamanhos disponíveis do 35 ao 46.,Stock Verificado,https://goldenkicks.co.mz/assets/PRODUCTS/campo/gk-cmp-141-1.png,https://goldenkicks.co.mz/assets/PRODUCTS/campo/gk-cmp-141-2.png,https://goldenkicks.co.mz/assets/PRODUCTS/campo/gk-cmp-141-3.png,https://goldenkicks.co.mz/assets/PRODUCTS/campo/gk-cmp-141-4.png,https://goldenkicks.co.mz/assets/PRODUCTS/campo/gk-cmp-141-5.png,https://goldenkicks.co.mz/assets/PRODUCTS/campo/gk-cmp-141-6.png
GK-CMP-142,New Balance Furon V7 Pro HG #279,New Balance,Velocidade,Pro,Chuteiras,HG,8900,Navy / Volt,"35, 36, 37, 38, 39, 40, 41, 42, 43, 44, 45, 46",Edição Pro desenhada para tração elite e controlo superior no relvado HG. Tamanhos disponíveis do 35 ao 46.,Stock Verificado,https://goldenkicks.co.mz/assets/PRODUCTS/campo/gk-cmp-142-1.png,https://goldenkicks.co.mz/assets/PRODUCTS/campo/gk-cmp-142-2.png,https://goldenkicks.co.mz/assets/PRODUCTS/campo/gk-cmp-142-3.png,https://goldenkicks.co.mz/assets/PRODUCTS/campo/gk-cmp-142-4.png,https://goldenkicks.co.mz/assets/PRODUCTS/campo/gk-cmp-142-5.png,https://goldenkicks.co.mz/assets/PRODUCTS/campo/gk-cmp-142-6.png
GK-CMP-143,Joma Top Flex Rebound IN #280,Joma,Clássico,Pro,Chuteiras,IN,6800,Crimson / Bone,"35, 36, 37, 38, 39, 40, 41, 42, 43, 44, 45, 46",Edição Pro desenhada para tração elite e controlo superior no relvado IN. Tamanhos disponíveis do 35 ao 46.,Edição Especial,https://goldenkicks.co.mz/assets/PRODUCTS/campo/gk-cmp-143-1.png,https://goldenkicks.co.mz/assets/PRODUCTS/campo/gk-cmp-143-2.png,https://goldenkicks.co.mz/assets/PRODUCTS/campo/gk-cmp-143-3.png,https://goldenkicks.co.mz/assets/PRODUCTS/campo/gk-cmp-143-4.png,https://goldenkicks.co.mz/assets/PRODUCTS/campo/gk-cmp-143-5.png,https://goldenkicks.co.mz/assets/PRODUCTS/campo/gk-cmp-143-6.png
GK-CMP-144,New Balance Tekela V4 Pro IN #281,New Balance,Controlo,Club,Chuteiras,IN,19200,Phantom / Gold,"35, 36, 37, 38, 39, 40, 41, 42, 43, 44, 45, 46",Edição Club desenhada para tração elite e controlo superior no relvado IN. Tamanhos disponíveis do 35 ao 46.,Stock Verificado,https://goldenkicks.co.mz/assets/PRODUCTS/campo/gk-cmp-144-1.png,https://goldenkicks.co.mz/assets/PRODUCTS/campo/gk-cmp-144-2.png,https://goldenkicks.co.mz/assets/PRODUCTS/campo/gk-cmp-144-3.png,https://goldenkicks.co.mz/assets/PRODUCTS/campo/gk-cmp-144-4.png,https://goldenkicks.co.mz/assets/PRODUCTS/campo/gk-cmp-144-5.png,https://goldenkicks.co.mz/assets/PRODUCTS/campo/gk-cmp-144-6.png
GK-CMP-145,Mizuno Morelia Neo IV FG #282,Mizuno,Clássico,Elite,Chuteiras,FG,8900,Volt / Silver,"35, 36, 37, 38, 39, 40, 41, 42, 43, 44, 45, 46",Edição Elite desenhada para tração elite e controlo superior no relvado FG. Tamanhos disponíveis do 35 ao 46.,Stock Verificado,https://goldenkicks.co.mz/assets/PRODUCTS/campo/gk-cmp-145-1.png,https://goldenkicks.co.mz/assets/PRODUCTS/campo/gk-cmp-145-2.png,https://goldenkicks.co.mz/assets/PRODUCTS/campo/gk-cmp-145-3.png,https://goldenkicks.co.mz/assets/PRODUCTS/campo/gk-cmp-145-4.png,https://goldenkicks.co.mz/assets/PRODUCTS/campo/gk-cmp-145-5.png,https://goldenkicks.co.mz/assets/PRODUCTS/campo/gk-cmp-145-6.png
GK-CMP-146,New Balance Furon V7 Pro SG #283,New Balance,Velocidade,Academy,Chuteiras,SG,21500,Volt / Silver,"35, 36, 37, 38, 39, 40, 41, 42, 43, 44, 45, 46",Edição Academy desenhada para tração elite e controlo superior no relvado SG. Tamanhos disponíveis do 35 ao 46.,Stock Verificado,https://goldenkicks.co.mz/assets/PRODUCTS/campo/gk-cmp-146-1.png,https://goldenkicks.co.mz/assets/PRODUCTS/campo/gk-cmp-146-2.png,https://goldenkicks.co.mz/assets/PRODUCTS/campo/gk-cmp-146-3.png,https://goldenkicks.co.mz/assets/PRODUCTS/campo/gk-cmp-146-4.png,https://goldenkicks.co.mz/assets/PRODUCTS/campo/gk-cmp-146-5.png,https://goldenkicks.co.mz/assets/PRODUCTS/campo/gk-cmp-146-6.png
GK-CMP-147,Adidas Predator Elite SG #284,Adidas,Precisão,Academy,Chuteiras,SG,21500,Phantom / Gold,"35, 36, 37, 38, 39, 40, 41, 42, 43, 44, 45, 46",Edição Academy desenhada para tração elite e controlo superior no relvado SG. Tamanhos disponíveis do 35 ao 46.,Stock Verificado,https://goldenkicks.co.mz/assets/PRODUCTS/campo/gk-cmp-147-1.png,https://goldenkicks.co.mz/assets/PRODUCTS/campo/gk-cmp-147-2.png,https://goldenkicks.co.mz/assets/PRODUCTS/campo/gk-cmp-147-3.png,https://goldenkicks.co.mz/assets/PRODUCTS/campo/gk-cmp-147-4.png,https://goldenkicks.co.mz/assets/PRODUCTS/campo/gk-cmp-147-5.png,https://goldenkicks.co.mz/assets/PRODUCTS/campo/gk-cmp-147-6.png
GK-CMP-148,Adidas Predator Elite IN #285,Adidas,Precisão,Academy,Chuteiras,IN,15800,Volt / Silver,"35, 36, 37, 38, 39, 40, 41, 42, 43, 44, 45, 46",Edição Academy desenhada para tração elite e controlo superior no relvado IN. Tamanhos disponíveis do 35 ao 46.,Stock Verificado,https://goldenkicks.co.mz/assets/PRODUCTS/campo/gk-cmp-148-1.png,https://goldenkicks.co.mz/assets/PRODUCTS/campo/gk-cmp-148-2.png,https://goldenkicks.co.mz/assets/PRODUCTS/campo/gk-cmp-148-3.png,https://goldenkicks.co.mz/assets/PRODUCTS/campo/gk-cmp-148-4.png,https://goldenkicks.co.mz/assets/PRODUCTS/campo/gk-cmp-148-5.png,https://goldenkicks.co.mz/assets/PRODUCTS/campo/gk-cmp-148-6.png
GK-CMP-149,Puma Ultra Ultimate IN #287,Puma,Velocidade,Academy,Chuteiras,IN,21500,Triple Black,"35, 36, 37, 38, 39, 40, 41, 42, 43, 44, 45, 46",Edição Academy desenhada para tração elite e controlo superior no relvado IN. Tamanhos disponíveis do 35 ao 46.,Mais Vendido,https://goldenkicks.co.mz/assets/PRODUCTS/campo/gk-cmp-149-1.png,https://goldenkicks.co.mz/assets/PRODUCTS/campo/gk-cmp-149-2.png,https://goldenkicks.co.mz/assets/PRODUCTS/campo/gk-cmp-149-3.png,https://goldenkicks.co.mz/assets/PRODUCTS/campo/gk-cmp-149-4.png,https://goldenkicks.co.mz/assets/PRODUCTS/campo/gk-cmp-149-5.png,https://goldenkicks.co.mz/assets/PRODUCTS/campo/gk-cmp-149-6.png
GK-CMP-150,New Balance Tekela V4 Pro IN #288,New Balance,Controlo,Elite,Chuteiras,IN,19200,Crimson / Bone,"35, 36, 37, 38, 39, 40, 41, 42, 43, 44, 45, 46",Edição Elite desenhada para tração elite e controlo superior no relvado IN. Tamanhos disponíveis do 35 ao 46.,Stock Verificado,https://goldenkicks.co.mz/assets/PRODUCTS/campo/gk-cmp-150-1.png,https://goldenkicks.co.mz/assets/PRODUCTS/campo/gk-cmp-150-2.png,https://goldenkicks.co.mz/assets/PRODUCTS/campo/gk-cmp-150-3.png,https://goldenkicks.co.mz/assets/PRODUCTS/campo/gk-cmp-150-4.png,https://goldenkicks.co.mz/assets/PRODUCTS/campo/gk-cmp-150-5.png,https://goldenkicks.co.mz/assets/PRODUCTS/campo/gk-cmp-150-6.png
GK-CMP-151,Nike Mercurial Vapor 16 AG #289,Nike,Velocidade,Academy,Chuteiras,AG,12500,Navy / Volt,"35, 36, 37, 38, 39, 40, 41, 42, 43, 44, 45, 46",Edição Academy desenhada para tração elite e controlo superior no relvado AG. Tamanhos disponíveis do 35 ao 46.,Stock Verificado,https://goldenkicks.co.mz/assets/PRODUCTS/campo/gk-cmp-151-1.png,https://goldenkicks.co.mz/assets/PRODUCTS/campo/gk-cmp-151-2.png,https://goldenkicks.co.mz/assets/PRODUCTS/campo/gk-cmp-151-3.png,https://goldenkicks.co.mz/assets/PRODUCTS/campo/gk-cmp-151-4.png,https://goldenkicks.co.mz/assets/PRODUCTS/campo/gk-cmp-151-5.png,https://goldenkicks.co.mz/assets/PRODUCTS/campo/gk-cmp-151-6.png
GK-CMP-152,Puma Ultra Ultimate SG #293,Puma,Velocidade,Academy,Chuteiras,SG,21500,White / Gold,"35, 36, 37, 38, 39, 40, 41, 42, 43, 44, 45, 46",Edição Academy desenhada para tração elite e controlo superior no relvado SG. Tamanhos disponíveis do 35 ao 46.,Stock Verificado,https://goldenkicks.co.mz/assets/PRODUCTS/campo/gk-cmp-152-1.png,https://goldenkicks.co.mz/assets/PRODUCTS/campo/gk-cmp-152-2.png,https://goldenkicks.co.mz/assets/PRODUCTS/campo/gk-cmp-152-3.png,https://goldenkicks.co.mz/assets/PRODUCTS/campo/gk-cmp-152-4.png,https://goldenkicks.co.mz/assets/PRODUCTS/campo/gk-cmp-152-5.png,https://goldenkicks.co.mz/assets/PRODUCTS/campo/gk-cmp-152-6.png
GK-CMP-153,New Balance Tekela V4 Pro IN #298,New Balance,Controlo,Elite,Chuteiras,IN,12500,Volt / Silver,"35, 36, 37, 38, 39, 40, 41, 42, 43, 44, 45, 46",Edição Elite desenhada para tração elite e controlo superior no relvado IN. Tamanhos disponíveis do 35 ao 46.,Stock Verificado,https://goldenkicks.co.mz/assets/PRODUCTS/campo/gk-cmp-153-1.png,https://goldenkicks.co.mz/assets/PRODUCTS/campo/gk-cmp-153-2.png,https://goldenkicks.co.mz/assets/PRODUCTS/campo/gk-cmp-153-3.png,https://goldenkicks.co.mz/assets/PRODUCTS/campo/gk-cmp-153-4.png,https://goldenkicks.co.mz/assets/PRODUCTS/campo/gk-cmp-153-5.png,https://goldenkicks.co.mz/assets/PRODUCTS/campo/gk-cmp-153-6.png
GK-CMP-154,Mizuno Morelia Neo IV SG #300,Mizuno,Clássico,Elite,Chuteiras,SG,4500,Volt / Silver,"35, 36, 37, 38, 39, 40, 41, 42, 43, 44, 45, 46",Edição Elite desenhada para tração elite e controlo superior no relvado SG. Tamanhos disponíveis do 35 ao 46.,Edição Especial,https://goldenkicks.co.mz/assets/PRODUCTS/campo/gk-cmp-154-1.png,https://goldenkicks.co.mz/assets/PRODUCTS/campo/gk-cmp-154-2.png,https://goldenkicks.co.mz/assets/PRODUCTS/campo/gk-cmp-154-3.png,https://goldenkicks.co.mz/assets/PRODUCTS/campo/gk-cmp-154-4.png,https://goldenkicks.co.mz/assets/PRODUCTS/campo/gk-cmp-154-5.png,https://goldenkicks.co.mz/assets/PRODUCTS/campo/gk-cmp-154-6.png
GK-CMP-155,New Balance Furon V7 Pro MG #301,New Balance,Velocidade,Elite,Chuteiras,MG,8900,Triple Black,"35, 36, 37, 38, 39, 40, 41, 42, 43, 44, 45, 46",Edição Elite desenhada para tração elite e controlo superior no relvado MG. Tamanhos disponíveis do 35 ao 46.,Mais Vendido,https://goldenkicks.co.mz/assets/PRODUCTS/campo/gk-cmp-155-1.png,https://goldenkicks.co.mz/assets/PRODUCTS/campo/gk-cmp-155-2.png,https://goldenkicks.co.mz/assets/PRODUCTS/campo/gk-cmp-155-3.png,https://goldenkicks.co.mz/assets/PRODUCTS/campo/gk-cmp-155-4.png,https://goldenkicks.co.mz/assets/PRODUCTS/campo/gk-cmp-155-5.png,https://goldenkicks.co.mz/assets/PRODUCTS/campo/gk-cmp-155-6.png
GK-CMP-156,Nike Mercurial Vapor 16 FG #302,Nike,Velocidade,Pro,Chuteiras,FG,4500,Triple Black,"35, 36, 37, 38, 39, 40, 41, 42, 43, 44, 45, 46",Edição Pro desenhada para tração elite e controlo superior no relvado FG. Tamanhos disponíveis do 35 ao 46.,Stock Verificado,https://goldenkicks.co.mz/assets/PRODUCTS/campo/gk-cmp-156-1.png,https://goldenkicks.co.mz/assets/PRODUCTS/campo/gk-cmp-156-2.png,https://goldenkicks.co.mz/assets/PRODUCTS/campo/gk-cmp-156-3.png,https://goldenkicks.co.mz/assets/PRODUCTS/campo/gk-cmp-156-4.png,https://goldenkicks.co.mz/assets/PRODUCTS/campo/gk-cmp-156-5.png,https://goldenkicks.co.mz/assets/PRODUCTS/campo/gk-cmp-156-6.png
GK-CMP-157,Adidas F50 League SG #304,Adidas,Velocidade,Academy,Chuteiras,SG,6800,Triple Black,"35, 36, 37, 38, 39, 40, 41, 42, 43, 44, 45, 46",Edição Academy desenhada para tração elite e controlo superior no relvado SG. Tamanhos disponíveis do 35 ao 46.,Stock Verificado,https://goldenkicks.co.mz/assets/PRODUCTS/campo/gk-cmp-157-1.png,https://goldenkicks.co.mz/assets/PRODUCTS/campo/gk-cmp-157-2.png,https://goldenkicks.co.mz/assets/PRODUCTS/campo/gk-cmp-157-3.png,https://goldenkicks.co.mz/assets/PRODUCTS/campo/gk-cmp-157-4.png,https://goldenkicks.co.mz/assets/PRODUCTS/campo/gk-cmp-157-5.png,https://goldenkicks.co.mz/assets/PRODUCTS/campo/gk-cmp-157-6.png
GK-CMP-158,Adidas Predator Elite AG #305,Adidas,Precisão,Elite,Chuteiras,AG,18500,White / Gold,"35, 36, 37, 38, 39, 40, 41, 42, 43, 44, 45, 46",Edição Elite desenhada para tração elite e controlo superior no relvado AG. Tamanhos disponíveis do 35 ao 46.,Stock Verificado,https://goldenkicks.co.mz/assets/PRODUCTS/campo/gk-cmp-158-1.png,https://goldenkicks.co.mz/assets/PRODUCTS/campo/gk-cmp-158-2.png,https://goldenkicks.co.mz/assets/PRODUCTS/campo/gk-cmp-158-3.png,https://goldenkicks.co.mz/assets/PRODUCTS/campo/gk-cmp-158-4.png,https://goldenkicks.co.mz/assets/PRODUCTS/campo/gk-cmp-158-5.png,https://goldenkicks.co.mz/assets/PRODUCTS/campo/gk-cmp-158-6.png
GK-CMP-159,Mizuno Morelia Neo IV AG #306,Mizuno,Clássico,Club,Chuteiras,AG,21500,Navy / Volt,"35, 36, 37, 38, 39, 40, 41, 42, 43, 44, 45, 46",Edição Club desenhada para tração elite e controlo superior no relvado AG. Tamanhos disponíveis do 35 ao 46.,Stock Verificado,https://goldenkicks.co.mz/assets/PRODUCTS/campo/gk-cmp-159-1.png,https://goldenkicks.co.mz/assets/PRODUCTS/campo/gk-cmp-159-2.png,https://goldenkicks.co.mz/assets/PRODUCTS/campo/gk-cmp-159-3.png,https://goldenkicks.co.mz/assets/PRODUCTS/campo/gk-cmp-159-4.png,https://goldenkicks.co.mz/assets/PRODUCTS/campo/gk-cmp-159-5.png,https://goldenkicks.co.mz/assets/PRODUCTS/campo/gk-cmp-159-6.png
GK-CMP-160,Nike Mercurial Vapor 16 FG #308,Nike,Velocidade,Elite,Chuteiras,FG,15800,Volt / Silver,"35, 36, 37, 38, 39, 40, 41, 42, 43, 44, 45, 46",Edição Elite desenhada para tração elite e controlo superior no relvado FG. Tamanhos disponíveis do 35 ao 46.,Mais Vendido,https://goldenkicks.co.mz/assets/PRODUCTS/campo/gk-cmp-160-1.png,https://goldenkicks.co.mz/assets/PRODUCTS/campo/gk-cmp-160-2.png,https://goldenkicks.co.mz/assets/PRODUCTS/campo/gk-cmp-160-3.png,https://goldenkicks.co.mz/assets/PRODUCTS/campo/gk-cmp-160-4.png,https://goldenkicks.co.mz/assets/PRODUCTS/campo/gk-cmp-160-5.png,https://goldenkicks.co.mz/assets/PRODUCTS/campo/gk-cmp-160-6.png
GK-CMP-161,Puma Ultra Ultimate IN #309,Puma,Velocidade,Pro,Chuteiras,IN,12500,Volt / Silver,"35, 36, 37, 38, 39, 40, 41, 42, 43, 44, 45, 46",Edição Pro desenhada para tração elite e controlo superior no relvado IN. Tamanhos disponíveis do 35 ao 46.,Stock Verificado,https://goldenkicks.co.mz/assets/PRODUCTS/campo/gk-cmp-161-1.png,https://goldenkicks.co.mz/assets/PRODUCTS/campo/gk-cmp-161-2.png,https://goldenkicks.co.mz/assets/PRODUCTS/campo/gk-cmp-161-3.png,https://goldenkicks.co.mz/assets/PRODUCTS/campo/gk-cmp-161-4.png,https://goldenkicks.co.mz/assets/PRODUCTS/campo/gk-cmp-161-5.png,https://goldenkicks.co.mz/assets/PRODUCTS/campo/gk-cmp-161-6.png
GK-CMP-162,New Balance Tekela V4 Pro SG #312,New Balance,Controlo,Club,Chuteiras,SG,4500,Volt / Silver,"35, 36, 37, 38, 39, 40, 41, 42, 43, 44, 45, 46",Edição Club desenhada para tração elite e controlo superior no relvado SG. Tamanhos disponíveis do 35 ao 46.,Stock Verificado,https://goldenkicks.co.mz/assets/PRODUCTS/campo/gk-cmp-162-1.png,https://goldenkicks.co.mz/assets/PRODUCTS/campo/gk-cmp-162-2.png,https://goldenkicks.co.mz/assets/PRODUCTS/campo/gk-cmp-162-3.png,https://goldenkicks.co.mz/assets/PRODUCTS/campo/gk-cmp-162-4.png,https://goldenkicks.co.mz/assets/PRODUCTS/campo/gk-cmp-162-5.png,https://goldenkicks.co.mz/assets/PRODUCTS/campo/gk-cmp-162-6.png
GK-CMP-163,Puma Future Ultimate HG #315,Puma,Agilidade,Elite,Chuteiras,HG,4500,Phantom / Gold,"35, 36, 37, 38, 39, 40, 41, 42, 43, 44, 45, 46",Edição Elite desenhada para tração elite e controlo superior no relvado HG. Tamanhos disponíveis do 35 ao 46.,Mais Vendido,https://goldenkicks.co.mz/assets/PRODUCTS/campo/gk-cmp-163-1.png,https://goldenkicks.co.mz/assets/PRODUCTS/campo/gk-cmp-163-2.png,https://goldenkicks.co.mz/assets/PRODUCTS/campo/gk-cmp-163-3.png,https://goldenkicks.co.mz/assets/PRODUCTS/campo/gk-cmp-163-4.png,https://goldenkicks.co.mz/assets/PRODUCTS/campo/gk-cmp-163-5.png,https://goldenkicks.co.mz/assets/PRODUCTS/campo/gk-cmp-163-6.png
GK-CMP-164,Nike Mercurial Vapor 16 IN #317,Nike,Velocidade,Pro,Chuteiras,IN,6800,White / Gold,"35, 36, 37, 38, 39, 40, 41, 42, 43, 44, 45, 46",Edição Pro desenhada para tração elite e controlo superior no relvado IN. Tamanhos disponíveis do 35 ao 46.,Stock Verificado,https://goldenkicks.co.mz/assets/PRODUCTS/campo/gk-cmp-164-1.png,https://goldenkicks.co.mz/assets/PRODUCTS/campo/gk-cmp-164-2.png,https://goldenkicks.co.mz/assets/PRODUCTS/campo/gk-cmp-164-3.png,https://goldenkicks.co.mz/assets/PRODUCTS/campo/gk-cmp-164-4.png,https://goldenkicks.co.mz/assets/PRODUCTS/campo/gk-cmp-164-5.png,https://goldenkicks.co.mz/assets/PRODUCTS/campo/gk-cmp-164-6.png
GK-CMP-165,New Balance Tekela V4 Pro IN #318,New Balance,Controlo,Pro,Chuteiras,IN,18500,Triple Black,"35, 36, 37, 38, 39, 40, 41, 42, 43, 44, 45, 46",Edição Pro desenhada para tração elite e controlo superior no relvado IN. Tamanhos disponíveis do 35 ao 46.,Stock Verificado,https://goldenkicks.co.mz/assets/PRODUCTS/campo/gk-cmp-165-1.png,https://goldenkicks.co.mz/assets/PRODUCTS/campo/gk-cmp-165-2.png,https://goldenkicks.co.mz/assets/PRODUCTS/campo/gk-cmp-165-3.png,https://goldenkicks.co.mz/assets/PRODUCTS/campo/gk-cmp-165-4.png,https://goldenkicks.co.mz/assets/PRODUCTS/campo/gk-cmp-165-5.png,https://goldenkicks.co.mz/assets/PRODUCTS/campo/gk-cmp-165-6.png
GK-CMP-166,Puma Future Ultimate AG #322,Puma,Agilidade,Elite,Chuteiras,AG,19200,Volt / Silver,"35, 36, 37, 38, 39, 40, 41, 42, 43, 44, 45, 46",Edição Elite desenhada para tração elite e controlo superior no relvado AG. Tamanhos disponíveis do 35 ao 46.,Mais Vendido,https://goldenkicks.co.mz/assets/PRODUCTS/campo/gk-cmp-166-1.png,https://goldenkicks.co.mz/assets/PRODUCTS/campo/gk-cmp-166-2.png,https://goldenkicks.co.mz/assets/PRODUCTS/campo/gk-cmp-166-3.png,https://goldenkicks.co.mz/assets/PRODUCTS/campo/gk-cmp-166-4.png,https://goldenkicks.co.mz/assets/PRODUCTS/campo/gk-cmp-166-5.png,https://goldenkicks.co.mz/assets/PRODUCTS/campo/gk-cmp-166-6.png
GK-CMP-167,Nike Phantom GX 2 IN #323,Nike,Controlo,Elite,Chuteiras,IN,12500,Volt / Silver,"35, 36, 37, 38, 39, 40, 41, 42, 43, 44, 45, 46",Edição Elite desenhada para tração elite e controlo superior no relvado IN. Tamanhos disponíveis do 35 ao 46.,Stock Verificado,https://goldenkicks.co.mz/assets/PRODUCTS/campo/gk-cmp-167-1.png,https://goldenkicks.co.mz/assets/PRODUCTS/campo/gk-cmp-167-2.png,https://goldenkicks.co.mz/assets/PRODUCTS/campo/gk-cmp-167-3.png,https://goldenkicks.co.mz/assets/PRODUCTS/campo/gk-cmp-167-4.png,https://goldenkicks.co.mz/assets/PRODUCTS/campo/gk-cmp-167-5.png,https://goldenkicks.co.mz/assets/PRODUCTS/campo/gk-cmp-167-6.png
GK-CMP-168,Adidas Predator Elite AG #325,Adidas,Precisão,Academy,Chuteiras,AG,4500,White / Gold,"35, 36, 37, 38, 39, 40, 41, 42, 43, 44, 45, 46",Edição Academy desenhada para tração elite e controlo superior no relvado AG. Tamanhos disponíveis do 35 ao 46.,Stock Verificado,https://goldenkicks.co.mz/assets/PRODUCTS/campo/gk-cmp-168-1.png,https://goldenkicks.co.mz/assets/PRODUCTS/campo/gk-cmp-168-2.png,https://goldenkicks.co.mz/assets/PRODUCTS/campo/gk-cmp-168-3.png,https://goldenkicks.co.mz/assets/PRODUCTS/campo/gk-cmp-168-4.png,https://goldenkicks.co.mz/assets/PRODUCTS/campo/gk-cmp-168-5.png,https://goldenkicks.co.mz/assets/PRODUCTS/campo/gk-cmp-168-6.png
GK-CMP-169,Adidas Predator Elite SG #326,Adidas,Precisão,Academy,Chuteiras,SG,8900,White / Gold,"35, 36, 37, 38, 39, 40, 41, 42, 43, 44, 45, 46",Edição Academy desenhada para tração elite e controlo superior no relvado SG. Tamanhos disponíveis do 35 ao 46.,Stock Verificado,https://goldenkicks.co.mz/assets/PRODUCTS/campo/gk-cmp-169-1.png,https://goldenkicks.co.mz/assets/PRODUCTS/campo/gk-cmp-169-2.png,https://goldenkicks.co.mz/assets/PRODUCTS/campo/gk-cmp-169-3.png,https://goldenkicks.co.mz/assets/PRODUCTS/campo/gk-cmp-169-4.png,https://goldenkicks.co.mz/assets/PRODUCTS/campo/gk-cmp-169-5.png,https://goldenkicks.co.mz/assets/PRODUCTS/campo/gk-cmp-169-6.png
GK-CMP-170,Puma Future Ultimate IN #328,Puma,Agilidade,Academy,Chuteiras,IN,19200,Phantom / Gold,"35, 36, 37, 38, 39, 40, 41, 42, 43, 44, 45, 46",Edição Academy desenhada para tração elite e controlo superior no relvado IN. Tamanhos disponíveis do 35 ao 46.,Stock Verificado,https://goldenkicks.co.mz/assets/PRODUCTS/campo/gk-cmp-170-1.png,https://goldenkicks.co.mz/assets/PRODUCTS/campo/gk-cmp-170-2.png,https://goldenkicks.co.mz/assets/PRODUCTS/campo/gk-cmp-170-3.png,https://goldenkicks.co.mz/assets/PRODUCTS/campo/gk-cmp-170-4.png,https://goldenkicks.co.mz/assets/PRODUCTS/campo/gk-cmp-170-5.png,https://goldenkicks.co.mz/assets/PRODUCTS/campo/gk-cmp-170-6.png
GK-CMP-171,Nike Mercurial Vapor 16 IN #329,Nike,Velocidade,Elite,Chuteiras,IN,6800,Navy / Volt,"35, 36, 37, 38, 39, 40, 41, 42, 43, 44, 45, 46",Edição Elite desenhada para tração elite e controlo superior no relvado IN. Tamanhos disponíveis do 35 ao 46.,Mais Vendido,https://goldenkicks.co.mz/assets/PRODUCTS/campo/gk-cmp-171-1.png,https://goldenkicks.co.mz/assets/PRODUCTS/campo/gk-cmp-171-2.png,https://goldenkicks.co.mz/assets/PRODUCTS/campo/gk-cmp-171-3.png,https://goldenkicks.co.mz/assets/PRODUCTS/campo/gk-cmp-171-4.png,https://goldenkicks.co.mz/assets/PRODUCTS/campo/gk-cmp-171-5.png,https://goldenkicks.co.mz/assets/PRODUCTS/campo/gk-cmp-171-6.png
GK-CMP-172,New Balance Tekela V4 Pro SG #331,New Balance,Controlo,Club,Chuteiras,SG,6800,Phantom / Gold,"35, 36, 37, 38, 39, 40, 41, 42, 43, 44, 45, 46",Edição Club desenhada para tração elite e controlo superior no relvado SG. Tamanhos disponíveis do 35 ao 46.,Stock Verificado,https://goldenkicks.co.mz/assets/PRODUCTS/campo/gk-cmp-172-1.png,https://goldenkicks.co.mz/assets/PRODUCTS/campo/gk-cmp-172-2.png,https://goldenkicks.co.mz/assets/PRODUCTS/campo/gk-cmp-172-3.png,https://goldenkicks.co.mz/assets/PRODUCTS/campo/gk-cmp-172-4.png,https://goldenkicks.co.mz/assets/PRODUCTS/campo/gk-cmp-172-5.png,https://goldenkicks.co.mz/assets/PRODUCTS/campo/gk-cmp-172-6.png
GK-CMP-173,Puma Ultra Ultimate AG #333,Puma,Velocidade,Academy,Chuteiras,AG,12500,Crimson / Bone,"35, 36, 37, 38, 39, 40, 41, 42, 43, 44, 45, 46",Edição Academy desenhada para tração elite e controlo superior no relvado AG. Tamanhos disponíveis do 35 ao 46.,Stock Verificado,https://goldenkicks.co.mz/assets/PRODUCTS/campo/gk-cmp-173-1.png,https://goldenkicks.co.mz/assets/PRODUCTS/campo/gk-cmp-173-2.png,https://goldenkicks.co.mz/assets/PRODUCTS/campo/gk-cmp-173-3.png,https://goldenkicks.co.mz/assets/PRODUCTS/campo/gk-cmp-173-4.png,https://goldenkicks.co.mz/assets/PRODUCTS/campo/gk-cmp-173-5.png,https://goldenkicks.co.mz/assets/PRODUCTS/campo/gk-cmp-173-6.png
GK-CMP-174,Puma Future Ultimate AG #334,Puma,Agilidade,Pro,Chuteiras,AG,4500,White / Gold,"35, 36, 37, 38, 39, 40, 41, 42, 43, 44, 45, 46",Edição Pro desenhada para tração elite e controlo superior no relvado AG. Tamanhos disponíveis do 35 ao 46.,Stock Verificado,https://goldenkicks.co.mz/assets/PRODUCTS/campo/gk-cmp-174-1.png,https://goldenkicks.co.mz/assets/PRODUCTS/campo/gk-cmp-174-2.png,https://goldenkicks.co.mz/assets/PRODUCTS/campo/gk-cmp-174-3.png,https://goldenkicks.co.mz/assets/PRODUCTS/campo/gk-cmp-174-4.png,https://goldenkicks.co.mz/assets/PRODUCTS/campo/gk-cmp-174-5.png,https://goldenkicks.co.mz/assets/PRODUCTS/campo/gk-cmp-174-6.png
GK-CMP-175,New Balance Tekela V4 Pro IN #335,New Balance,Controlo,Club,Chuteiras,IN,4500,Black / Gold,"35, 36, 37, 38, 39, 40, 41, 42, 43, 44, 45, 46",Edição Club desenhada para tração elite e controlo superior no relvado IN. Tamanhos disponíveis do 35 ao 46.,Stock Verificado,https://goldenkicks.co.mz/assets/PRODUCTS/campo/gk-cmp-175-1.png,https://goldenkicks.co.mz/assets/PRODUCTS/campo/gk-cmp-175-2.png,https://goldenkicks.co.mz/assets/PRODUCTS/campo/gk-cmp-175-3.png,https://goldenkicks.co.mz/assets/PRODUCTS/campo/gk-cmp-175-4.png,https://goldenkicks.co.mz/assets/PRODUCTS/campo/gk-cmp-175-5.png,https://goldenkicks.co.mz/assets/PRODUCTS/campo/gk-cmp-175-6.png
GK-CMP-176,Nike Phantom GX 2 MG #336,Nike,Controlo,Club,Chuteiras,MG,19200,Volt / Silver,"35, 36, 37, 38, 39, 40, 41, 42, 43, 44, 45, 46",Edição Club desenhada para tração elite e controlo superior no relvado MG. Tamanhos disponíveis do 35 ao 46.,Mais Vendido,https://goldenkicks.co.mz/assets/PRODUCTS/campo/gk-cmp-176-1.png,https://goldenkicks.co.mz/assets/PRODUCTS/campo/gk-cmp-176-2.png,https://goldenkicks.co.mz/assets/PRODUCTS/campo/gk-cmp-176-3.png,https://goldenkicks.co.mz/assets/PRODUCTS/campo/gk-cmp-176-4.png,https://goldenkicks.co.mz/assets/PRODUCTS/campo/gk-cmp-176-5.png,https://goldenkicks.co.mz/assets/PRODUCTS/campo/gk-cmp-176-6.png
GK-CMP-177,New Balance Tekela V4 Pro MG #337,New Balance,Controlo,Pro,Chuteiras,MG,21500,White / Gold,"35, 36, 37, 38, 39, 40, 41, 42, 43, 44, 45, 46",Edição Pro desenhada para tração elite e controlo superior no relvado MG. Tamanhos disponíveis do 35 ao 46.,Stock Verificado,https://goldenkicks.co.mz/assets/PRODUCTS/campo/gk-cmp-177-1.png,https://goldenkicks.co.mz/assets/PRODUCTS/campo/gk-cmp-177-2.png,https://goldenkicks.co.mz/assets/PRODUCTS/campo/gk-cmp-177-3.png,https://goldenkicks.co.mz/assets/PRODUCTS/campo/gk-cmp-177-4.png,https://goldenkicks.co.mz/assets/PRODUCTS/campo/gk-cmp-177-5.png,https://goldenkicks.co.mz/assets/PRODUCTS/campo/gk-cmp-177-6.png
GK-CMP-178,Joma Top Flex Rebound IN #338,Joma,Clássico,Club,Chuteiras,IN,8900,White / Gold,"35, 36, 37, 38, 39, 40, 41, 42, 43, 44, 45, 46",Edição Club desenhada para tração elite e controlo superior no relvado IN. Tamanhos disponíveis do 35 ao 46.,Stock Verificado,https://goldenkicks.co.mz/assets/PRODUCTS/campo/gk-cmp-178-1.png,https://goldenkicks.co.mz/assets/PRODUCTS/campo/gk-cmp-178-2.png,https://goldenkicks.co.mz/assets/PRODUCTS/campo/gk-cmp-178-3.png,https://goldenkicks.co.mz/assets/PRODUCTS/campo/gk-cmp-178-4.png,https://goldenkicks.co.mz/assets/PRODUCTS/campo/gk-cmp-178-5.png,https://goldenkicks.co.mz/assets/PRODUCTS/campo/gk-cmp-178-6.png
GK-CMP-179,New Balance Furon V7 Pro IN #341,New Balance,Velocidade,Academy,Chuteiras,IN,18500,Crimson / Bone,"35, 36, 37, 38, 39, 40, 41, 42, 43, 44, 45, 46",Edição Academy desenhada para tração elite e controlo superior no relvado IN. Tamanhos disponíveis do 35 ao 46.,Stock Verificado,https://goldenkicks.co.mz/assets/PRODUCTS/campo/gk-cmp-179-1.png,https://goldenkicks.co.mz/assets/PRODUCTS/campo/gk-cmp-179-2.png,https://goldenkicks.co.mz/assets/PRODUCTS/campo/gk-cmp-179-3.png,https://goldenkicks.co.mz/assets/PRODUCTS/campo/gk-cmp-179-4.png,https://goldenkicks.co.mz/assets/PRODUCTS/campo/gk-cmp-179-5.png,https://goldenkicks.co.mz/assets/PRODUCTS/campo/gk-cmp-179-6.png
GK-CMP-180,New Balance Tekela V4 Pro FG #343,New Balance,Controlo,Pro,Chuteiras,FG,19200,Triple Black,"35, 36, 37, 38, 39, 40, 41, 42, 43, 44, 45, 46",Edição Pro desenhada para tração elite e controlo superior no relvado FG. Tamanhos disponíveis do 35 ao 46.,Mais Vendido,https://goldenkicks.co.mz/assets/PRODUCTS/campo/gk-cmp-180-1.png,https://goldenkicks.co.mz/assets/PRODUCTS/campo/gk-cmp-180-2.png,https://goldenkicks.co.mz/assets/PRODUCTS/campo/gk-cmp-180-3.png,https://goldenkicks.co.mz/assets/PRODUCTS/campo/gk-cmp-180-4.png,https://goldenkicks.co.mz/assets/PRODUCTS/campo/gk-cmp-180-5.png,https://goldenkicks.co.mz/assets/PRODUCTS/campo/gk-cmp-180-6.png
GK-CMP-181,New Balance Tekela V4 Pro FG #347,New Balance,Controlo,Elite,Chuteiras,FG,6800,Navy / Volt,"35, 36, 37, 38, 39, 40, 41, 42, 43, 44, 45, 46",Edição Elite desenhada para tração elite e controlo superior no relvado FG. Tamanhos disponíveis do 35 ao 46.,Stock Verificado,https://goldenkicks.co.mz/assets/PRODUCTS/campo/gk-cmp-181-1.png,https://goldenkicks.co.mz/assets/PRODUCTS/campo/gk-cmp-181-2.png,https://goldenkicks.co.mz/assets/PRODUCTS/campo/gk-cmp-181-3.png,https://goldenkicks.co.mz/assets/PRODUCTS/campo/gk-cmp-181-4.png,https://goldenkicks.co.mz/assets/PRODUCTS/campo/gk-cmp-181-5.png,https://goldenkicks.co.mz/assets/PRODUCTS/campo/gk-cmp-181-6.png
GK-CMP-182,Mizuno Morelia Neo IV SG #349,Mizuno,Clássico,Academy,Chuteiras,SG,15800,White / Gold,"35, 36, 37, 38, 39, 40, 41, 42, 43, 44, 45, 46",Edição Academy desenhada para tração elite e controlo superior no relvado SG. Tamanhos disponíveis do 35 ao 46.,Stock Verificado,https://goldenkicks.co.mz/assets/PRODUCTS/campo/gk-cmp-182-1.png,https://goldenkicks.co.mz/assets/PRODUCTS/campo/gk-cmp-182-2.png,https://goldenkicks.co.mz/assets/PRODUCTS/campo/gk-cmp-182-3.png,https://goldenkicks.co.mz/assets/PRODUCTS/campo/gk-cmp-182-4.png,https://goldenkicks.co.mz/assets/PRODUCTS/campo/gk-cmp-182-5.png,https://goldenkicks.co.mz/assets/PRODUCTS/campo/gk-cmp-182-6.png
GK-CMP-183,Puma Ultra Ultimate IN #352,Puma,Velocidade,Elite,Chuteiras,IN,18500,Volt / Silver,"35, 36, 37, 38, 39, 40, 41, 42, 43, 44, 45, 46",Edição Elite desenhada para tração elite e controlo superior no relvado IN. Tamanhos disponíveis do 35 ao 46.,Stock Verificado,https://goldenkicks.co.mz/assets/PRODUCTS/campo/gk-cmp-183-1.png,https://goldenkicks.co.mz/assets/PRODUCTS/campo/gk-cmp-183-2.png,https://goldenkicks.co.mz/assets/PRODUCTS/campo/gk-cmp-183-3.png,https://goldenkicks.co.mz/assets/PRODUCTS/campo/gk-cmp-183-4.png,https://goldenkicks.co.mz/assets/PRODUCTS/campo/gk-cmp-183-5.png,https://goldenkicks.co.mz/assets/PRODUCTS/campo/gk-cmp-183-6.png
GK-CMP-184,New Balance Furon V7 Pro IN #353,New Balance,Velocidade,Elite,Chuteiras,IN,6800,Crimson / Bone,"35, 36, 37, 38, 39, 40, 41, 42, 43, 44, 45, 46",Edição Elite desenhada para tração elite e controlo superior no relvado IN. Tamanhos disponíveis do 35 ao 46.,Stock Verificado,https://goldenkicks.co.mz/assets/PRODUCTS/campo/gk-cmp-184-1.png,https://goldenkicks.co.mz/assets/PRODUCTS/campo/gk-cmp-184-2.png,https://goldenkicks.co.mz/assets/PRODUCTS/campo/gk-cmp-184-3.png,https://goldenkicks.co.mz/assets/PRODUCTS/campo/gk-cmp-184-4.png,https://goldenkicks.co.mz/assets/PRODUCTS/campo/gk-cmp-184-5.png,https://goldenkicks.co.mz/assets/PRODUCTS/campo/gk-cmp-184-6.png
GK-CMP-185,Adidas Predator Elite IN #358,Adidas,Precisão,Elite,Chuteiras,IN,18500,Crimson / Bone,"35, 36, 37, 38, 39, 40, 41, 42, 43, 44, 45, 46",Edição Elite desenhada para tração elite e controlo superior no relvado IN. Tamanhos disponíveis do 35 ao 46.,Stock Verificado,https://goldenkicks.co.mz/assets/PRODUCTS/campo/gk-cmp-185-1.png,https://goldenkicks.co.mz/assets/PRODUCTS/campo/gk-cmp-185-2.png,https://goldenkicks.co.mz/assets/PRODUCTS/campo/gk-cmp-185-3.png,https://goldenkicks.co.mz/assets/PRODUCTS/campo/gk-cmp-185-4.png,https://goldenkicks.co.mz/assets/PRODUCTS/campo/gk-cmp-185-5.png,https://goldenkicks.co.mz/assets/PRODUCTS/campo/gk-cmp-185-6.png
GK-CMP-186,Puma Future Ultimate AG #359,Puma,Agilidade,Club,Chuteiras,AG,15800,Phantom / Gold,"35, 36, 37, 38, 39, 40, 41, 42, 43, 44, 45, 46",Edição Club desenhada para tração elite e controlo superior no relvado AG. Tamanhos disponíveis do 35 ao 46.,Stock Verificado,https://goldenkicks.co.mz/assets/PRODUCTS/campo/gk-cmp-186-1.png,https://goldenkicks.co.mz/assets/PRODUCTS/campo/gk-cmp-186-2.png,https://goldenkicks.co.mz/assets/PRODUCTS/campo/gk-cmp-186-3.png,https://goldenkicks.co.mz/assets/PRODUCTS/campo/gk-cmp-186-4.png,https://goldenkicks.co.mz/assets/PRODUCTS/campo/gk-cmp-186-5.png,https://goldenkicks.co.mz/assets/PRODUCTS/campo/gk-cmp-186-6.png
GK-CMP-187,Puma Future Ultimate SG #361,Puma,Agilidade,Elite,Chuteiras,SG,4500,Triple Black,"35, 36, 37, 38, 39, 40, 41, 42, 43, 44, 45, 46",Edição Elite desenhada para tração elite e controlo superior no relvado SG. Tamanhos disponíveis do 35 ao 46.,Stock Verificado,https://goldenkicks.co.mz/assets/PRODUCTS/campo/gk-cmp-187-1.png,https://goldenkicks.co.mz/assets/PRODUCTS/campo/gk-cmp-187-2.png,https://goldenkicks.co.mz/assets/PRODUCTS/campo/gk-cmp-187-3.png,https://goldenkicks.co.mz/assets/PRODUCTS/campo/gk-cmp-187-4.png,https://goldenkicks.co.mz/assets/PRODUCTS/campo/gk-cmp-187-5.png,https://goldenkicks.co.mz/assets/PRODUCTS/campo/gk-cmp-187-6.png
GK-CMP-188,Puma Future Ultimate AG #362,Puma,Agilidade,Pro,Chuteiras,AG,15800,Volt / Silver,"35, 36, 37, 38, 39, 40, 41, 42, 43, 44, 45, 46",Edição Pro desenhada para tração elite e controlo superior no relvado AG. Tamanhos disponíveis do 35 ao 46.,Stock Verificado,https://goldenkicks.co.mz/assets/PRODUCTS/campo/gk-cmp-188-1.png,https://goldenkicks.co.mz/assets/PRODUCTS/campo/gk-cmp-188-2.png,https://goldenkicks.co.mz/assets/PRODUCTS/campo/gk-cmp-188-3.png,https://goldenkicks.co.mz/assets/PRODUCTS/campo/gk-cmp-188-4.png,https://goldenkicks.co.mz/assets/PRODUCTS/campo/gk-cmp-188-5.png,https://goldenkicks.co.mz/assets/PRODUCTS/campo/gk-cmp-188-6.png
GK-CMP-189,New Balance Tekela V4 Pro AG #363,New Balance,Controlo,Elite,Chuteiras,AG,15800,Phantom / Gold,"35, 36, 37, 38, 39, 40, 41, 42, 43, 44, 45, 46",Edição Elite desenhada para tração elite e controlo superior no relvado AG. Tamanhos disponíveis do 35 ao 46.,Stock Verificado,https://goldenkicks.co.mz/assets/PRODUCTS/campo/gk-cmp-189-1.png,https://goldenkicks.co.mz/assets/PRODUCTS/campo/gk-cmp-189-2.png,https://goldenkicks.co.mz/assets/PRODUCTS/campo/gk-cmp-189-3.png,https://goldenkicks.co.mz/assets/PRODUCTS/campo/gk-cmp-189-4.png,https://goldenkicks.co.mz/assets/PRODUCTS/campo/gk-cmp-189-5.png,https://goldenkicks.co.mz/assets/PRODUCTS/campo/gk-cmp-189-6.png
GK-CMP-190,Mizuno Morelia Neo IV HG #368,Mizuno,Clássico,Academy,Chuteiras,HG,6800,White / Gold,"35, 36, 37, 38, 39, 40, 41, 42, 43, 44, 45, 46",Edição Academy desenhada para tração elite e controlo superior no relvado HG. Tamanhos disponíveis do 35 ao 46.,Stock Verificado,https://goldenkicks.co.mz/assets/PRODUCTS/campo/gk-cmp-190-1.png,https://goldenkicks.co.mz/assets/PRODUCTS/campo/gk-cmp-190-2.png,https://goldenkicks.co.mz/assets/PRODUCTS/campo/gk-cmp-190-3.png,https://goldenkicks.co.mz/assets/PRODUCTS/campo/gk-cmp-190-4.png,https://goldenkicks.co.mz/assets/PRODUCTS/campo/gk-cmp-190-5.png,https://goldenkicks.co.mz/assets/PRODUCTS/campo/gk-cmp-190-6.png
GK-CMP-191,Puma Ultra Ultimate SG #369,Puma,Velocidade,Academy,Chuteiras,SG,8900,Navy / Volt,"35, 36, 37, 38, 39, 40, 41, 42, 43, 44, 45, 46",Edição Academy desenhada para tração elite e controlo superior no relvado SG. Tamanhos disponíveis do 35 ao 46.,Stock Verificado,https://goldenkicks.co.mz/assets/PRODUCTS/campo/gk-cmp-191-1.png,https://goldenkicks.co.mz/assets/PRODUCTS/campo/gk-cmp-191-2.png,https://goldenkicks.co.mz/assets/PRODUCTS/campo/gk-cmp-191-3.png,https://goldenkicks.co.mz/assets/PRODUCTS/campo/gk-cmp-191-4.png,https://goldenkicks.co.mz/assets/PRODUCTS/campo/gk-cmp-191-5.png,https://goldenkicks.co.mz/assets/PRODUCTS/campo/gk-cmp-191-6.png
GK-CMP-192,New Balance Furon V7 Pro FG #372,New Balance,Velocidade,Pro,Chuteiras,FG,21500,Crimson / Bone,"35, 36, 37, 38, 39, 40, 41, 42, 43, 44, 45, 46",Edição Pro desenhada para tração elite e controlo superior no relvado FG. Tamanhos disponíveis do 35 ao 46.,Stock Verificado,https://goldenkicks.co.mz/assets/PRODUCTS/campo/gk-cmp-192-1.png,https://goldenkicks.co.mz/assets/PRODUCTS/campo/gk-cmp-192-2.png,https://goldenkicks.co.mz/assets/PRODUCTS/campo/gk-cmp-192-3.png,https://goldenkicks.co.mz/assets/PRODUCTS/campo/gk-cmp-192-4.png,https://goldenkicks.co.mz/assets/PRODUCTS/campo/gk-cmp-192-5.png,https://goldenkicks.co.mz/assets/PRODUCTS/campo/gk-cmp-192-6.png
GK-CMP-193,Joma Top Flex Rebound SG #375,Joma,Clássico,Pro,Chuteiras,SG,12500,Black / Gold,"35, 36, 37, 38, 39, 40, 41, 42, 43, 44, 45, 46",Edição Pro desenhada para tração elite e controlo superior no relvado SG. Tamanhos disponíveis do 35 ao 46.,Stock Verificado,https://goldenkicks.co.mz/assets/PRODUCTS/campo/gk-cmp-193-1.png,https://goldenkicks.co.mz/assets/PRODUCTS/campo/gk-cmp-193-2.png,https://goldenkicks.co.mz/assets/PRODUCTS/campo/gk-cmp-193-3.png,https://goldenkicks.co.mz/assets/PRODUCTS/campo/gk-cmp-193-4.png,https://goldenkicks.co.mz/assets/PRODUCTS/campo/gk-cmp-193-5.png,https://goldenkicks.co.mz/assets/PRODUCTS/campo/gk-cmp-193-6.png
GK-CMP-194,New Balance Tekela V4 Pro SG #376,New Balance,Controlo,Elite,Chuteiras,SG,4500,Black / Gold,"35, 36, 37, 38, 39, 40, 41, 42, 43, 44, 45, 46",Edição Elite desenhada para tração elite e controlo superior no relvado SG. Tamanhos disponíveis do 35 ao 46.,Stock Verificado,https://goldenkicks.co.mz/assets/PRODUCTS/campo/gk-cmp-194-1.png,https://goldenkicks.co.mz/assets/PRODUCTS/campo/gk-cmp-194-2.png,https://goldenkicks.co.mz/assets/PRODUCTS/campo/gk-cmp-194-3.png,https://goldenkicks.co.mz/assets/PRODUCTS/campo/gk-cmp-194-4.png,https://goldenkicks.co.mz/assets/PRODUCTS/campo/gk-cmp-194-5.png,https://goldenkicks.co.mz/assets/PRODUCTS/campo/gk-cmp-194-6.png
GK-CMP-195,Nike Phantom GX 2 AG #377,Nike,Controlo,Club,Chuteiras,AG,18500,Phantom / Gold,"35, 36, 37, 38, 39, 40, 41, 42, 43, 44, 45, 46",Edição Club desenhada para tração elite e controlo superior no relvado AG. Tamanhos disponíveis do 35 ao 46.,Stock Verificado,https://goldenkicks.co.mz/assets/PRODUCTS/campo/gk-cmp-195-1.png,https://goldenkicks.co.mz/assets/PRODUCTS/campo/gk-cmp-195-2.png,https://goldenkicks.co.mz/assets/PRODUCTS/campo/gk-cmp-195-3.png,https://goldenkicks.co.mz/assets/PRODUCTS/campo/gk-cmp-195-4.png,https://goldenkicks.co.mz/assets/PRODUCTS/campo/gk-cmp-195-5.png,https://goldenkicks.co.mz/assets/PRODUCTS/campo/gk-cmp-195-6.png
GK-CMP-196,Adidas F50 League IN #379,Adidas,Velocidade,Elite,Chuteiras,IN,6800,Crimson / Bone,"35, 36, 37, 38, 39, 40, 41, 42, 43, 44, 45, 46",Edição Elite desenhada para tração elite e controlo superior no relvado IN. Tamanhos disponíveis do 35 ao 46.,Stock Verificado,https://goldenkicks.co.mz/assets/PRODUCTS/campo/gk-cmp-196-1.png,https://goldenkicks.co.mz/assets/PRODUCTS/campo/gk-cmp-196-2.png,https://goldenkicks.co.mz/assets/PRODUCTS/campo/gk-cmp-196-3.png,https://goldenkicks.co.mz/assets/PRODUCTS/campo/gk-cmp-196-4.png,https://goldenkicks.co.mz/assets/PRODUCTS/campo/gk-cmp-196-5.png,https://goldenkicks.co.mz/assets/PRODUCTS/campo/gk-cmp-196-6.png
GK-CMP-197,Nike Phantom GX 2 AG #381,Nike,Controlo,Elite,Chuteiras,AG,6800,Volt / Silver,"35, 36, 37, 38, 39, 40, 41, 42, 43, 44, 45, 46",Edição Elite desenhada para tração elite e controlo superior no relvado AG. Tamanhos disponíveis do 35 ao 46.,Stock Verificado,https://goldenkicks.co.mz/assets/PRODUCTS/campo/gk-cmp-197-1.png,https://goldenkicks.co.mz/assets/PRODUCTS/campo/gk-cmp-197-2.png,https://goldenkicks.co.mz/assets/PRODUCTS/campo/gk-cmp-197-3.png,https://goldenkicks.co.mz/assets/PRODUCTS/campo/gk-cmp-197-4.png,https://goldenkicks.co.mz/assets/PRODUCTS/campo/gk-cmp-197-5.png,https://goldenkicks.co.mz/assets/PRODUCTS/campo/gk-cmp-197-6.png
GK-CMP-198,Mizuno Morelia Neo IV IN #384,Mizuno,Clássico,Pro,Chuteiras,IN,6800,Crimson / Bone,"35, 36, 37, 38, 39, 40, 41, 42, 43, 44, 45, 46",Edição Pro desenhada para tração elite e controlo superior no relvado IN. Tamanhos disponíveis do 35 ao 46.,Stock Verificado,https://goldenkicks.co.mz/assets/PRODUCTS/campo/gk-cmp-198-1.png,https://goldenkicks.co.mz/assets/PRODUCTS/campo/gk-cmp-198-2.png,https://goldenkicks.co.mz/assets/PRODUCTS/campo/gk-cmp-198-3.png,https://goldenkicks.co.mz/assets/PRODUCTS/campo/gk-cmp-198-4.png,https://goldenkicks.co.mz/assets/PRODUCTS/campo/gk-cmp-198-5.png,https://goldenkicks.co.mz/assets/PRODUCTS/campo/gk-cmp-198-6.png
GK-CMP-199,Nike Phantom GX 2 IN #387,Nike,Controlo,Academy,Chuteiras,IN,19200,Crimson / Bone,"35, 36, 37, 38, 39, 40, 41, 42, 43, 44, 45, 46",Edição Academy desenhada para tração elite e controlo superior no relvado IN. Tamanhos disponíveis do 35 ao 46.,Stock Verificado,https://goldenkicks.co.mz/assets/PRODUCTS/campo/gk-cmp-199-1.png,https://goldenkicks.co.mz/assets/PRODUCTS/campo/gk-cmp-199-2.png,https://goldenkicks.co.mz/assets/PRODUCTS/campo/gk-cmp-199-3.png,https://goldenkicks.co.mz/assets/PRODUCTS/campo/gk-cmp-199-4.png,https://goldenkicks.co.mz/assets/PRODUCTS/campo/gk-cmp-199-5.png,https://goldenkicks.co.mz/assets/PRODUCTS/campo/gk-cmp-199-6.png
GK-CMP-200,Joma Top Flex Rebound FG #388,Joma,Clássico,Elite,Chuteiras,FG,19200,Triple Black,"35, 36, 37, 38, 39, 40, 41, 42, 43, 44, 45, 46",Edição Elite desenhada para tração elite e controlo superior no relvado FG. Tamanhos disponíveis do 35 ao 46.,Stock Verificado,https://goldenkicks.co.mz/assets/PRODUCTS/campo/gk-cmp-200-1.png,https://goldenkicks.co.mz/assets/PRODUCTS/campo/gk-cmp-200-2.png,https://goldenkicks.co.mz/assets/PRODUCTS/campo/gk-cmp-200-3.png,https://goldenkicks.co.mz/assets/PRODUCTS/campo/gk-cmp-200-4.png,https://goldenkicks.co.mz/assets/PRODUCTS/campo/gk-cmp-200-5.png,https://goldenkicks.co.mz/assets/PRODUCTS/campo/gk-cmp-200-6.png
GK-CMP-201,Puma Future Ultimate IN #389,Puma,Agilidade,Club,Chuteiras,IN,6800,Phantom / Gold,"35, 36, 37, 38, 39, 40, 41, 42, 43, 44, 45, 46",Edição Club desenhada para tração elite e controlo superior no relvado IN. Tamanhos disponíveis do 35 ao 46.,Stock Verificado,https://goldenkicks.co.mz/assets/PRODUCTS/campo/gk-cmp-201-1.png,https://goldenkicks.co.mz/assets/PRODUCTS/campo/gk-cmp-201-2.png,https://goldenkicks.co.mz/assets/PRODUCTS/campo/gk-cmp-201-3.png,https://goldenkicks.co.mz/assets/PRODUCTS/campo/gk-cmp-201-4.png,https://goldenkicks.co.mz/assets/PRODUCTS/campo/gk-cmp-201-5.png,https://goldenkicks.co.mz/assets/PRODUCTS/campo/gk-cmp-201-6.png
GK-CMP-202,Puma Ultra Ultimate AG #391,Puma,Velocidade,Pro,Chuteiras,AG,15800,Phantom / Gold,"35, 36, 37, 38, 39, 40, 41, 42, 43, 44, 45, 46",Edição Pro desenhada para tração elite e controlo superior no relvado AG. Tamanhos disponíveis do 35 ao 46.,Stock Verificado,https://goldenkicks.co.mz/assets/PRODUCTS/campo/gk-cmp-202-1.png,https://goldenkicks.co.mz/assets/PRODUCTS/campo/gk-cmp-202-2.png,https://goldenkicks.co.mz/assets/PRODUCTS/campo/gk-cmp-202-3.png,https://goldenkicks.co.mz/assets/PRODUCTS/campo/gk-cmp-202-4.png,https://goldenkicks.co.mz/assets/PRODUCTS/campo/gk-cmp-202-5.png,https://goldenkicks.co.mz/assets/PRODUCTS/campo/gk-cmp-202-6.png
GK-CMP-203,Puma Ultra Ultimate FG #393,Puma,Velocidade,Elite,Chuteiras,FG,8900,Navy / Volt,"35, 36, 37, 38, 39, 40, 41, 42, 43, 44, 45, 46",Edição Elite desenhada para tração elite e controlo superior no relvado FG. Tamanhos disponíveis do 35 ao 46.,Stock Verificado,https://goldenkicks.co.mz/assets/PRODUCTS/campo/gk-cmp-203-1.png,https://goldenkicks.co.mz/assets/PRODUCTS/campo/gk-cmp-203-2.png,https://goldenkicks.co.mz/assets/PRODUCTS/campo/gk-cmp-203-3.png,https://goldenkicks.co.mz/assets/PRODUCTS/campo/gk-cmp-203-4.png,https://goldenkicks.co.mz/assets/PRODUCTS/campo/gk-cmp-203-5.png,https://goldenkicks.co.mz/assets/PRODUCTS/campo/gk-cmp-203-6.png
GK-CMP-204,Nike Mercurial Vapor 16 SG #395,Nike,Velocidade,Academy,Chuteiras,SG,19200,White / Gold,"35, 36, 37, 38, 39, 40, 41, 42, 43, 44, 45, 46",Edição Academy desenhada para tração elite e controlo superior no relvado SG. Tamanhos disponíveis do 35 ao 46.,Stock Verificado,https://goldenkicks.co.mz/assets/PRODUCTS/campo/gk-cmp-204-1.png,https://goldenkicks.co.mz/assets/PRODUCTS/campo/gk-cmp-204-2.png,https://goldenkicks.co.mz/assets/PRODUCTS/campo/gk-cmp-204-3.png,https://goldenkicks.co.mz/assets/PRODUCTS/campo/gk-cmp-204-4.png,https://goldenkicks.co.mz/assets/PRODUCTS/campo/gk-cmp-204-5.png,https://goldenkicks.co.mz/assets/PRODUCTS/campo/gk-cmp-204-6.png
GK-CMP-205,New Balance Tekela V4 Pro IN #398,New Balance,Controlo,Academy,Chuteiras,IN,21500,Volt / Silver,"35, 36, 37, 38, 39, 40, 41, 42, 43, 44, 45, 46",Edição Academy desenhada para tração elite e controlo superior no relvado IN. Tamanhos disponíveis do 35 ao 46.,Stock Verificado,https://goldenkicks.co.mz/assets/PRODUCTS/campo/gk-cmp-205-1.png,https://goldenkicks.co.mz/assets/PRODUCTS/campo/gk-cmp-205-2.png,https://goldenkicks.co.mz/assets/PRODUCTS/campo/gk-cmp-205-3.png,https://goldenkicks.co.mz/assets/PRODUCTS/campo/gk-cmp-205-4.png,https://goldenkicks.co.mz/assets/PRODUCTS/campo/gk-cmp-205-5.png,https://goldenkicks.co.mz/assets/PRODUCTS/campo/gk-cmp-205-6.png
GK-CMP-206,Adidas F50 League IN #399,Adidas,Velocidade,Academy,Chuteiras,IN,21500,White / Gold,"35, 36, 37, 38, 39, 40, 41, 42, 43, 44, 45, 46",Edição Academy desenhada para tração elite e controlo superior no relvado IN. Tamanhos disponíveis do 35 ao 46.,Mais Vendido,https://goldenkicks.co.mz/assets/PRODUCTS/campo/gk-cmp-206-1.png,https://goldenkicks.co.mz/assets/PRODUCTS/campo/gk-cmp-206-2.png,https://goldenkicks.co.mz/assets/PRODUCTS/campo/gk-cmp-206-3.png,https://goldenkicks.co.mz/assets/PRODUCTS/campo/gk-cmp-206-4.png,https://goldenkicks.co.mz/assets/PRODUCTS/campo/gk-cmp-206-5.png,https://goldenkicks.co.mz/assets/PRODUCTS/campo/gk-cmp-206-6.png
GK-CMP-207,Adidas Predator Elite FG #401,Adidas,Precisão,Pro,Chuteiras,FG,21500,Phantom / Gold,"35, 36, 37, 38, 39, 40, 41, 42, 43, 44, 45, 46",Edição Pro desenhada para tração elite e controlo superior no relvado FG. Tamanhos disponíveis do 35 ao 46.,Stock Verificado,https://goldenkicks.co.mz/assets/PRODUCTS/campo/gk-cmp-207-1.png,https://goldenkicks.co.mz/assets/PRODUCTS/campo/gk-cmp-207-2.png,https://goldenkicks.co.mz/assets/PRODUCTS/campo/gk-cmp-207-3.png,https://goldenkicks.co.mz/assets/PRODUCTS/campo/gk-cmp-207-4.png,https://goldenkicks.co.mz/assets/PRODUCTS/campo/gk-cmp-207-5.png,https://goldenkicks.co.mz/assets/PRODUCTS/campo/gk-cmp-207-6.png
GK-CMP-208,Adidas Predator Elite FG #402,Adidas,Precisão,Academy,Chuteiras,FG,18500,Crimson / Bone,"35, 36, 37, 38, 39, 40, 41, 42, 43, 44, 45, 46",Edição Academy desenhada para tração elite e controlo superior no relvado FG. Tamanhos disponíveis do 35 ao 46.,Stock Verificado,https://goldenkicks.co.mz/assets/PRODUCTS/campo/gk-cmp-208-1.png,https://goldenkicks.co.mz/assets/PRODUCTS/campo/gk-cmp-208-2.png,https://goldenkicks.co.mz/assets/PRODUCTS/campo/gk-cmp-208-3.png,https://goldenkicks.co.mz/assets/PRODUCTS/campo/gk-cmp-208-4.png,https://goldenkicks.co.mz/assets/PRODUCTS/campo/gk-cmp-208-5.png,https://goldenkicks.co.mz/assets/PRODUCTS/campo/gk-cmp-208-6.png
GK-CMP-209,Adidas Predator Elite HG #405,Adidas,Precisão,Elite,Chuteiras,HG,21500,Volt / Silver,"35, 36, 37, 38, 39, 40, 41, 42, 43, 44, 45, 46",Edição Elite desenhada para tração elite e controlo superior no relvado HG. Tamanhos disponíveis do 35 ao 46.,Stock Verificado,https://goldenkicks.co.mz/assets/PRODUCTS/campo/gk-cmp-209-1.png,https://goldenkicks.co.mz/assets/PRODUCTS/campo/gk-cmp-209-2.png,https://goldenkicks.co.mz/assets/PRODUCTS/campo/gk-cmp-209-3.png,https://goldenkicks.co.mz/assets/PRODUCTS/campo/gk-cmp-209-4.png,https://goldenkicks.co.mz/assets/PRODUCTS/campo/gk-cmp-209-5.png,https://goldenkicks.co.mz/assets/PRODUCTS/campo/gk-cmp-209-6.png
GK-CMP-210,Puma Ultra Ultimate IN #410,Puma,Velocidade,Club,Chuteiras,IN,4500,White / Gold,"35, 36, 37, 38, 39, 40, 41, 42, 43, 44, 45, 46",Edição Club desenhada para tração elite e controlo superior no relvado IN. Tamanhos disponíveis do 35 ao 46.,Edição Especial,https://goldenkicks.co.mz/assets/PRODUCTS/campo/gk-cmp-210-1.png,https://goldenkicks.co.mz/assets/PRODUCTS/campo/gk-cmp-210-2.png,https://goldenkicks.co.mz/assets/PRODUCTS/campo/gk-cmp-210-3.png,https://goldenkicks.co.mz/assets/PRODUCTS/campo/gk-cmp-210-4.png,https://goldenkicks.co.mz/assets/PRODUCTS/campo/gk-cmp-210-5.png,https://goldenkicks.co.mz/assets/PRODUCTS/campo/gk-cmp-210-6.png
GK-CMP-211,Nike Phantom GX 2 MG #413,Nike,Controlo,Elite,Chuteiras,MG,15800,Black / Gold,"35, 36, 37, 38, 39, 40, 41, 42, 43, 44, 45, 46",Edição Elite desenhada para tração elite e controlo superior no relvado MG. Tamanhos disponíveis do 35 ao 46.,Mais Vendido,https://goldenkicks.co.mz/assets/PRODUCTS/campo/gk-cmp-211-1.png,https://goldenkicks.co.mz/assets/PRODUCTS/campo/gk-cmp-211-2.png,https://goldenkicks.co.mz/assets/PRODUCTS/campo/gk-cmp-211-3.png,https://goldenkicks.co.mz/assets/PRODUCTS/campo/gk-cmp-211-4.png,https://goldenkicks.co.mz/assets/PRODUCTS/campo/gk-cmp-211-5.png,https://goldenkicks.co.mz/assets/PRODUCTS/campo/gk-cmp-211-6.png
GK-CMP-212,Adidas F50 League IN #414,Adidas,Velocidade,Pro,Chuteiras,IN,8900,Navy / Volt,"35, 36, 37, 38, 39, 40, 41, 42, 43, 44, 45, 46",Edição Pro desenhada para tração elite e controlo superior no relvado IN. Tamanhos disponíveis do 35 ao 46.,Stock Verificado,https://goldenkicks.co.mz/assets/PRODUCTS/campo/gk-cmp-212-1.png,https://goldenkicks.co.mz/assets/PRODUCTS/campo/gk-cmp-212-2.png,https://goldenkicks.co.mz/assets/PRODUCTS/campo/gk-cmp-212-3.png,https://goldenkicks.co.mz/assets/PRODUCTS/campo/gk-cmp-212-4.png,https://goldenkicks.co.mz/assets/PRODUCTS/campo/gk-cmp-212-5.png,https://goldenkicks.co.mz/assets/PRODUCTS/campo/gk-cmp-212-6.png
GK-CMP-213,Joma Top Flex Rebound IN #419,Joma,Clássico,Pro,Chuteiras,IN,8900,Crimson / Bone,"35, 36, 37, 38, 39, 40, 41, 42, 43, 44, 45, 46",Edição Pro desenhada para tração elite e controlo superior no relvado IN. Tamanhos disponíveis do 35 ao 46.,Stock Verificado,https://goldenkicks.co.mz/assets/PRODUCTS/campo/gk-cmp-213-1.png,https://goldenkicks.co.mz/assets/PRODUCTS/campo/gk-cmp-213-2.png,https://goldenkicks.co.mz/assets/PRODUCTS/campo/gk-cmp-213-3.png,https://goldenkicks.co.mz/assets/PRODUCTS/campo/gk-cmp-213-4.png,https://goldenkicks.co.mz/assets/PRODUCTS/campo/gk-cmp-213-5.png,https://goldenkicks.co.mz/assets/PRODUCTS/campo/gk-cmp-213-6.png
GK-CMP-214,New Balance Furon V7 Pro AG #421,New Balance,Velocidade,Academy,Chuteiras,AG,15800,Phantom / Gold,"35, 36, 37, 38, 39, 40, 41, 42, 43, 44, 45, 46",Edição Academy desenhada para tração elite e controlo superior no relvado AG. Tamanhos disponíveis do 35 ao 46.,Stock Verificado,https://goldenkicks.co.mz/assets/PRODUCTS/campo/gk-cmp-214-1.png,https://goldenkicks.co.mz/assets/PRODUCTS/campo/gk-cmp-214-2.png,https://goldenkicks.co.mz/assets/PRODUCTS/campo/gk-cmp-214-3.png,https://goldenkicks.co.mz/assets/PRODUCTS/campo/gk-cmp-214-4.png,https://goldenkicks.co.mz/assets/PRODUCTS/campo/gk-cmp-214-5.png,https://goldenkicks.co.mz/assets/PRODUCTS/campo/gk-cmp-214-6.png
GK-CMP-215,New Balance Furon V7 Pro HG #423,New Balance,Velocidade,Academy,Chuteiras,HG,18500,Triple Black,"35, 36, 37, 38, 39, 40, 41, 42, 43, 44, 45, 46",Edição Academy desenhada para tração elite e controlo superior no relvado HG. Tamanhos disponíveis do 35 ao 46.,Stock Verificado,https://goldenkicks.co.mz/assets/PRODUCTS/campo/gk-cmp-215-1.png,https://goldenkicks.co.mz/assets/PRODUCTS/campo/gk-cmp-215-2.png,https://goldenkicks.co.mz/assets/PRODUCTS/campo/gk-cmp-215-3.png,https://goldenkicks.co.mz/assets/PRODUCTS/campo/gk-cmp-215-4.png,https://goldenkicks.co.mz/assets/PRODUCTS/campo/gk-cmp-215-5.png,https://goldenkicks.co.mz/assets/PRODUCTS/campo/gk-cmp-215-6.png
GK-CMP-216,New Balance Furon V7 Pro FG #424,New Balance,Velocidade,Pro,Chuteiras,FG,19200,Triple Black,"35, 36, 37, 38, 39, 40, 41, 42, 43, 44, 45, 46",Edição Pro desenhada para tração elite e controlo superior no relvado FG. Tamanhos disponíveis do 35 ao 46.,Stock Verificado,https://goldenkicks.co.mz/assets/PRODUCTS/campo/gk-cmp-216-1.png,https://goldenkicks.co.mz/assets/PRODUCTS/campo/gk-cmp-216-2.png,https://goldenkicks.co.mz/assets/PRODUCTS/campo/gk-cmp-216-3.png,https://goldenkicks.co.mz/assets/PRODUCTS/campo/gk-cmp-216-4.png,https://goldenkicks.co.mz/assets/PRODUCTS/campo/gk-cmp-216-5.png,https://goldenkicks.co.mz/assets/PRODUCTS/campo/gk-cmp-216-6.png
GK-CMP-217,Puma Ultra Ultimate HG #426,Puma,Velocidade,Academy,Chuteiras,HG,8900,Volt / Silver,"35, 36, 37, 38, 39, 40, 41, 42, 43, 44, 45, 46",Edição Academy desenhada para tração elite e controlo superior no relvado HG. Tamanhos disponíveis do 35 ao 46.,Stock Verificado,https://goldenkicks.co.mz/assets/PRODUCTS/campo/gk-cmp-217-1.png,https://goldenkicks.co.mz/assets/PRODUCTS/campo/gk-cmp-217-2.png,https://goldenkicks.co.mz/assets/PRODUCTS/campo/gk-cmp-217-3.png,https://goldenkicks.co.mz/assets/PRODUCTS/campo/gk-cmp-217-4.png,https://goldenkicks.co.mz/assets/PRODUCTS/campo/gk-cmp-217-5.png,https://goldenkicks.co.mz/assets/PRODUCTS/campo/gk-cmp-217-6.png
GK-CMP-218,Puma Future Ultimate FG #427,Puma,Agilidade,Pro,Chuteiras,FG,12500,Black / Gold,"35, 36, 37, 38, 39, 40, 41, 42, 43, 44, 45, 46",Edição Pro desenhada para tração elite e controlo superior no relvado FG. Tamanhos disponíveis do 35 ao 46.,Mais Vendido,https://goldenkicks.co.mz/assets/PRODUCTS/campo/gk-cmp-218-1.png,https://goldenkicks.co.mz/assets/PRODUCTS/campo/gk-cmp-218-2.png,https://goldenkicks.co.mz/assets/PRODUCTS/campo/gk-cmp-218-3.png,https://goldenkicks.co.mz/assets/PRODUCTS/campo/gk-cmp-218-4.png,https://goldenkicks.co.mz/assets/PRODUCTS/campo/gk-cmp-218-5.png,https://goldenkicks.co.mz/assets/PRODUCTS/campo/gk-cmp-218-6.png
GK-CMP-219,New Balance Furon V7 Pro MG #428,New Balance,Velocidade,Club,Chuteiras,MG,18500,White / Gold,"35, 36, 37, 38, 39, 40, 41, 42, 43, 44, 45, 46",Edição Club desenhada para tração elite e controlo superior no relvado MG. Tamanhos disponíveis do 35 ao 46.,Stock Verificado,https://goldenkicks.co.mz/assets/PRODUCTS/campo/gk-cmp-219-1.png,https://goldenkicks.co.mz/assets/PRODUCTS/campo/gk-cmp-219-2.png,https://goldenkicks.co.mz/assets/PRODUCTS/campo/gk-cmp-219-3.png,https://goldenkicks.co.mz/assets/PRODUCTS/campo/gk-cmp-219-4.png,https://goldenkicks.co.mz/assets/PRODUCTS/campo/gk-cmp-219-5.png,https://goldenkicks.co.mz/assets/PRODUCTS/campo/gk-cmp-219-6.png
GK-CMP-220,New Balance Furon V7 Pro FG #433,New Balance,Velocidade,Club,Chuteiras,FG,6800,White / Gold,"35, 36, 37, 38, 39, 40, 41, 42, 43, 44, 45, 46",Edição Club desenhada para tração elite e controlo superior no relvado FG. Tamanhos disponíveis do 35 ao 46.,Stock Verificado,https://goldenkicks.co.mz/assets/PRODUCTS/campo/gk-cmp-220-1.png,https://goldenkicks.co.mz/assets/PRODUCTS/campo/gk-cmp-220-2.png,https://goldenkicks.co.mz/assets/PRODUCTS/campo/gk-cmp-220-3.png,https://goldenkicks.co.mz/assets/PRODUCTS/campo/gk-cmp-220-4.png,https://goldenkicks.co.mz/assets/PRODUCTS/campo/gk-cmp-220-5.png,https://goldenkicks.co.mz/assets/PRODUCTS/campo/gk-cmp-220-6.png
GK-CMP-221,Mizuno Morelia Neo IV MG #435,Mizuno,Clássico,Club,Chuteiras,MG,12500,Crimson / Bone,"35, 36, 37, 38, 39, 40, 41, 42, 43, 44, 45, 46",Edição Club desenhada para tração elite e controlo superior no relvado MG. Tamanhos disponíveis do 35 ao 46.,Stock Verificado,https://goldenkicks.co.mz/assets/PRODUCTS/campo/gk-cmp-221-1.png,https://goldenkicks.co.mz/assets/PRODUCTS/campo/gk-cmp-221-2.png,https://goldenkicks.co.mz/assets/PRODUCTS/campo/gk-cmp-221-3.png,https://goldenkicks.co.mz/assets/PRODUCTS/campo/gk-cmp-221-4.png,https://goldenkicks.co.mz/assets/PRODUCTS/campo/gk-cmp-221-5.png,https://goldenkicks.co.mz/assets/PRODUCTS/campo/gk-cmp-221-6.png
GK-CMP-222,Mizuno Morelia Neo IV MG #437,Mizuno,Clássico,Pro,Chuteiras,MG,4500,Phantom / Gold,"35, 36, 37, 38, 39, 40, 41, 42, 43, 44, 45, 46",Edição Pro desenhada para tração elite e controlo superior no relvado MG. Tamanhos disponíveis do 35 ao 46.,Stock Verificado,https://goldenkicks.co.mz/assets/PRODUCTS/campo/gk-cmp-222-1.png,https://goldenkicks.co.mz/assets/PRODUCTS/campo/gk-cmp-222-2.png,https://goldenkicks.co.mz/assets/PRODUCTS/campo/gk-cmp-222-3.png,https://goldenkicks.co.mz/assets/PRODUCTS/campo/gk-cmp-222-4.png,https://goldenkicks.co.mz/assets/PRODUCTS/campo/gk-cmp-222-5.png,https://goldenkicks.co.mz/assets/PRODUCTS/campo/gk-cmp-222-6.png
GK-CMP-223,Nike Phantom GX 2 IN #438,Nike,Controlo,Club,Chuteiras,IN,18500,Crimson / Bone,"35, 36, 37, 38, 39, 40, 41, 42, 43, 44, 45, 46",Edição Club desenhada para tração elite e controlo superior no relvado IN. Tamanhos disponíveis do 35 ao 46.,Stock Verificado,https://goldenkicks.co.mz/assets/PRODUCTS/campo/gk-cmp-223-1.png,https://goldenkicks.co.mz/assets/PRODUCTS/campo/gk-cmp-223-2.png,https://goldenkicks.co.mz/assets/PRODUCTS/campo/gk-cmp-223-3.png,https://goldenkicks.co.mz/assets/PRODUCTS/campo/gk-cmp-223-4.png,https://goldenkicks.co.mz/assets/PRODUCTS/campo/gk-cmp-223-5.png,https://goldenkicks.co.mz/assets/PRODUCTS/campo/gk-cmp-223-6.png
GK-CMP-224,Adidas F50 League IN #441,Adidas,Velocidade,Academy,Chuteiras,IN,6800,Phantom / Gold,"35, 36, 37, 38, 39, 40, 41, 42, 43, 44, 45, 46",Edição Academy desenhada para tração elite e controlo superior no relvado IN. Tamanhos disponíveis do 35 ao 46.,Mais Vendido,https://goldenkicks.co.mz/assets/PRODUCTS/campo/gk-cmp-224-1.png,https://goldenkicks.co.mz/assets/PRODUCTS/campo/gk-cmp-224-2.png,https://goldenkicks.co.mz/assets/PRODUCTS/campo/gk-cmp-224-3.png,https://goldenkicks.co.mz/assets/PRODUCTS/campo/gk-cmp-224-4.png,https://goldenkicks.co.mz/assets/PRODUCTS/campo/gk-cmp-224-5.png,https://goldenkicks.co.mz/assets/PRODUCTS/campo/gk-cmp-224-6.png
GK-CMP-225,Nike Phantom GX 2 IN #442,Nike,Controlo,Pro,Chuteiras,IN,8900,Triple Black,"35, 36, 37, 38, 39, 40, 41, 42, 43, 44, 45, 46",Edição Pro desenhada para tração elite e controlo superior no relvado IN. Tamanhos disponíveis do 35 ao 46.,Stock Verificado,https://goldenkicks.co.mz/assets/PRODUCTS/campo/gk-cmp-225-1.png,https://goldenkicks.co.mz/assets/PRODUCTS/campo/gk-cmp-225-2.png,https://goldenkicks.co.mz/assets/PRODUCTS/campo/gk-cmp-225-3.png,https://goldenkicks.co.mz/assets/PRODUCTS/campo/gk-cmp-225-4.png,https://goldenkicks.co.mz/assets/PRODUCTS/campo/gk-cmp-225-5.png,https://goldenkicks.co.mz/assets/PRODUCTS/campo/gk-cmp-225-6.png
GK-CMP-226,Nike Phantom GX 2 AG #443,Nike,Controlo,Academy,Chuteiras,AG,18500,White / Gold,"35, 36, 37, 38, 39, 40, 41, 42, 43, 44, 45, 46",Edição Academy desenhada para tração elite e controlo superior no relvado AG. Tamanhos disponíveis do 35 ao 46.,Stock Verificado,https://goldenkicks.co.mz/assets/PRODUCTS/campo/gk-cmp-226-1.png,https://goldenkicks.co.mz/assets/PRODUCTS/campo/gk-cmp-226-2.png,https://goldenkicks.co.mz/assets/PRODUCTS/campo/gk-cmp-226-3.png,https://goldenkicks.co.mz/assets/PRODUCTS/campo/gk-cmp-226-4.png,https://goldenkicks.co.mz/assets/PRODUCTS/campo/gk-cmp-226-5.png,https://goldenkicks.co.mz/assets/PRODUCTS/campo/gk-cmp-226-6.png
GK-CMP-227,Adidas Predator Elite FG #447,Adidas,Precisão,Academy,Chuteiras,FG,4500,Crimson / Bone,"35, 36, 37, 38, 39, 40, 41, 42, 43, 44, 45, 46",Edição Academy desenhada para tração elite e controlo superior no relvado FG. Tamanhos disponíveis do 35 ao 46.,Stock Verificado,https://goldenkicks.co.mz/assets/PRODUCTS/campo/gk-cmp-227-1.png,https://goldenkicks.co.mz/assets/PRODUCTS/campo/gk-cmp-227-2.png,https://goldenkicks.co.mz/assets/PRODUCTS/campo/gk-cmp-227-3.png,https://goldenkicks.co.mz/assets/PRODUCTS/campo/gk-cmp-227-4.png,https://goldenkicks.co.mz/assets/PRODUCTS/campo/gk-cmp-227-5.png,https://goldenkicks.co.mz/assets/PRODUCTS/campo/gk-cmp-227-6.png
GK-CMP-228,Joma Top Flex Rebound SG #448,Joma,Clássico,Club,Chuteiras,SG,18500,Crimson / Bone,"35, 36, 37, 38, 39, 40, 41, 42, 43, 44, 45, 46",Edição Club desenhada para tração elite e controlo superior no relvado SG. Tamanhos disponíveis do 35 ao 46.,Mais Vendido,https://goldenkicks.co.mz/assets/PRODUCTS/campo/gk-cmp-228-1.png,https://goldenkicks.co.mz/assets/PRODUCTS/campo/gk-cmp-228-2.png,https://goldenkicks.co.mz/assets/PRODUCTS/campo/gk-cmp-228-3.png,https://goldenkicks.co.mz/assets/PRODUCTS/campo/gk-cmp-228-4.png,https://goldenkicks.co.mz/assets/PRODUCTS/campo/gk-cmp-228-5.png,https://goldenkicks.co.mz/assets/PRODUCTS/campo/gk-cmp-228-6.png
GK-CMP-229,New Balance Tekela V4 Pro FG #449,New Balance,Controlo,Elite,Chuteiras,FG,6800,Navy / Volt,"35, 36, 37, 38, 39, 40, 41, 42, 43, 44, 45, 46",Edição Elite desenhada para tração elite e controlo superior no relvado FG. Tamanhos disponíveis do 35 ao 46.,Stock Verificado,https://goldenkicks.co.mz/assets/PRODUCTS/campo/gk-cmp-229-1.png,https://goldenkicks.co.mz/assets/PRODUCTS/campo/gk-cmp-229-2.png,https://goldenkicks.co.mz/assets/PRODUCTS/campo/gk-cmp-229-3.png,https://goldenkicks.co.mz/assets/PRODUCTS/campo/gk-cmp-229-4.png,https://goldenkicks.co.mz/assets/PRODUCTS/campo/gk-cmp-229-5.png,https://goldenkicks.co.mz/assets/PRODUCTS/campo/gk-cmp-229-6.png
GK-CMP-230,Adidas F50 League HG #451,Adidas,Velocidade,Pro,Chuteiras,HG,6800,Navy / Volt,"35, 36, 37, 38, 39, 40, 41, 42, 43, 44, 45, 46",Edição Pro desenhada para tração elite e controlo superior no relvado HG. Tamanhos disponíveis do 35 ao 46.,Stock Verificado,https://goldenkicks.co.mz/assets/PRODUCTS/campo/gk-cmp-230-1.png,https://goldenkicks.co.mz/assets/PRODUCTS/campo/gk-cmp-230-2.png,https://goldenkicks.co.mz/assets/PRODUCTS/campo/gk-cmp-230-3.png,https://goldenkicks.co.mz/assets/PRODUCTS/campo/gk-cmp-230-4.png,https://goldenkicks.co.mz/assets/PRODUCTS/campo/gk-cmp-230-5.png,https://goldenkicks.co.mz/assets/PRODUCTS/campo/gk-cmp-230-6.png
GK-CMP-231,Adidas Predator Elite MG #455,Adidas,Precisão,Club,Chuteiras,MG,8900,White / Gold,"35, 36, 37, 38, 39, 40, 41, 42, 43, 44, 45, 46",Edição Club desenhada para tração elite e controlo superior no relvado MG. Tamanhos disponíveis do 35 ao 46.,Mais Vendido,https://goldenkicks.co.mz/assets/PRODUCTS/campo/gk-cmp-231-1.png,https://goldenkicks.co.mz/assets/PRODUCTS/campo/gk-cmp-231-2.png,https://goldenkicks.co.mz/assets/PRODUCTS/campo/gk-cmp-231-3.png,https://goldenkicks.co.mz/assets/PRODUCTS/campo/gk-cmp-231-4.png,https://goldenkicks.co.mz/assets/PRODUCTS/campo/gk-cmp-231-5.png,https://goldenkicks.co.mz/assets/PRODUCTS/campo/gk-cmp-231-6.png
GK-CMP-232,Mizuno Morelia Neo IV HG #458,Mizuno,Clássico,Elite,Chuteiras,HG,15800,Phantom / Gold,"35, 36, 37, 38, 39, 40, 41, 42, 43, 44, 45, 46",Edição Elite desenhada para tração elite e controlo superior no relvado HG. Tamanhos disponíveis do 35 ao 46.,Stock Verificado,https://goldenkicks.co.mz/assets/PRODUCTS/campo/gk-cmp-232-1.png,https://goldenkicks.co.mz/assets/PRODUCTS/campo/gk-cmp-232-2.png,https://goldenkicks.co.mz/assets/PRODUCTS/campo/gk-cmp-232-3.png,https://goldenkicks.co.mz/assets/PRODUCTS/campo/gk-cmp-232-4.png,https://goldenkicks.co.mz/assets/PRODUCTS/campo/gk-cmp-232-5.png,https://goldenkicks.co.mz/assets/PRODUCTS/campo/gk-cmp-232-6.png
GK-CMP-233,Mizuno Morelia Neo IV IN #459,Mizuno,Clássico,Academy,Chuteiras,IN,15800,Phantom / Gold,"35, 36, 37, 38, 39, 40, 41, 42, 43, 44, 45, 46",Edição Academy desenhada para tração elite e controlo superior no relvado IN. Tamanhos disponíveis do 35 ao 46.,Stock Verificado,https://goldenkicks.co.mz/assets/PRODUCTS/campo/gk-cmp-233-1.png,https://goldenkicks.co.mz/assets/PRODUCTS/campo/gk-cmp-233-2.png,https://goldenkicks.co.mz/assets/PRODUCTS/campo/gk-cmp-233-3.png,https://goldenkicks.co.mz/assets/PRODUCTS/campo/gk-cmp-233-4.png,https://goldenkicks.co.mz/assets/PRODUCTS/campo/gk-cmp-233-5.png,https://goldenkicks.co.mz/assets/PRODUCTS/campo/gk-cmp-233-6.png
GK-CMP-234,Nike Mercurial Vapor 16 HG #461,Nike,Velocidade,Academy,Chuteiras,HG,4500,Volt / Silver,"35, 36, 37, 38, 39, 40, 41, 42, 43, 44, 45, 46",Edição Academy desenhada para tração elite e controlo superior no relvado HG. Tamanhos disponíveis do 35 ao 46.,Stock Verificado,https://goldenkicks.co.mz/assets/PRODUCTS/campo/gk-cmp-234-1.png,https://goldenkicks.co.mz/assets/PRODUCTS/campo/gk-cmp-234-2.png,https://goldenkicks.co.mz/assets/PRODUCTS/campo/gk-cmp-234-3.png,https://goldenkicks.co.mz/assets/PRODUCTS/campo/gk-cmp-234-4.png,https://goldenkicks.co.mz/assets/PRODUCTS/campo/gk-cmp-234-5.png,https://goldenkicks.co.mz/assets/PRODUCTS/campo/gk-cmp-234-6.png
GK-CMP-235,Nike Mercurial Vapor 16 HG #462,Nike,Velocidade,Club,Chuteiras,HG,6800,Phantom / Gold,"35, 36, 37, 38, 39, 40, 41, 42, 43, 44, 45, 46",Edição Club desenhada para tração elite e controlo superior no relvado HG. Tamanhos disponíveis do 35 ao 46.,Mais Vendido,https://goldenkicks.co.mz/assets/PRODUCTS/campo/gk-cmp-235-1.png,https://goldenkicks.co.mz/assets/PRODUCTS/campo/gk-cmp-235-2.png,https://goldenkicks.co.mz/assets/PRODUCTS/campo/gk-cmp-235-3.png,https://goldenkicks.co.mz/assets/PRODUCTS/campo/gk-cmp-235-4.png,https://goldenkicks.co.mz/assets/PRODUCTS/campo/gk-cmp-235-5.png,https://goldenkicks.co.mz/assets/PRODUCTS/campo/gk-cmp-235-6.png
GK-CMP-236,Puma Ultra Ultimate IN #463,Puma,Velocidade,Elite,Chuteiras,IN,18500,Navy / Volt,"35, 36, 37, 38, 39, 40, 41, 42, 43, 44, 45, 46",Edição Elite desenhada para tração elite e controlo superior no relvado IN. Tamanhos disponíveis do 35 ao 46.,Stock Verificado,https://goldenkicks.co.mz/assets/PRODUCTS/campo/gk-cmp-236-1.png,https://goldenkicks.co.mz/assets/PRODUCTS/campo/gk-cmp-236-2.png,https://goldenkicks.co.mz/assets/PRODUCTS/campo/gk-cmp-236-3.png,https://goldenkicks.co.mz/assets/PRODUCTS/campo/gk-cmp-236-4.png,https://goldenkicks.co.mz/assets/PRODUCTS/campo/gk-cmp-236-5.png,https://goldenkicks.co.mz/assets/PRODUCTS/campo/gk-cmp-236-6.png
GK-CMP-237,New Balance Tekela V4 Pro SG #465,New Balance,Controlo,Academy,Chuteiras,SG,21500,Triple Black,"35, 36, 37, 38, 39, 40, 41, 42, 43, 44, 45, 46",Edição Academy desenhada para tração elite e controlo superior no relvado SG. Tamanhos disponíveis do 35 ao 46.,Stock Verificado,https://goldenkicks.co.mz/assets/PRODUCTS/campo/gk-cmp-237-1.png,https://goldenkicks.co.mz/assets/PRODUCTS/campo/gk-cmp-237-2.png,https://goldenkicks.co.mz/assets/PRODUCTS/campo/gk-cmp-237-3.png,https://goldenkicks.co.mz/assets/PRODUCTS/campo/gk-cmp-237-4.png,https://goldenkicks.co.mz/assets/PRODUCTS/campo/gk-cmp-237-5.png,https://goldenkicks.co.mz/assets/PRODUCTS/campo/gk-cmp-237-6.png
GK-CMP-238,Adidas Predator Elite AG #466,Adidas,Precisão,Elite,Chuteiras,AG,18500,Navy / Volt,"35, 36, 37, 38, 39, 40, 41, 42, 43, 44, 45, 46",Edição Elite desenhada para tração elite e controlo superior no relvado AG. Tamanhos disponíveis do 35 ao 46.,Stock Verificado,https://goldenkicks.co.mz/assets/PRODUCTS/campo/gk-cmp-238-1.png,https://goldenkicks.co.mz/assets/PRODUCTS/campo/gk-cmp-238-2.png,https://goldenkicks.co.mz/assets/PRODUCTS/campo/gk-cmp-238-3.png,https://goldenkicks.co.mz/assets/PRODUCTS/campo/gk-cmp-238-4.png,https://goldenkicks.co.mz/assets/PRODUCTS/campo/gk-cmp-238-5.png,https://goldenkicks.co.mz/assets/PRODUCTS/campo/gk-cmp-238-6.png
GK-CMP-239,Mizuno Morelia Neo IV AG #467,Mizuno,Clássico,Pro,Chuteiras,AG,12500,Triple Black,"35, 36, 37, 38, 39, 40, 41, 42, 43, 44, 45, 46",Edição Pro desenhada para tração elite e controlo superior no relvado AG. Tamanhos disponíveis do 35 ao 46.,Stock Verificado,https://goldenkicks.co.mz/assets/PRODUCTS/campo/gk-cmp-239-1.png,https://goldenkicks.co.mz/assets/PRODUCTS/campo/gk-cmp-239-2.png,https://goldenkicks.co.mz/assets/PRODUCTS/campo/gk-cmp-239-3.png,https://goldenkicks.co.mz/assets/PRODUCTS/campo/gk-cmp-239-4.png,https://goldenkicks.co.mz/assets/PRODUCTS/campo/gk-cmp-239-5.png,https://goldenkicks.co.mz/assets/PRODUCTS/campo/gk-cmp-239-6.png
GK-CMP-240,Adidas Predator Elite SG #468,Adidas,Precisão,Elite,Chuteiras,SG,8900,Navy / Volt,"35, 36, 37, 38, 39, 40, 41, 42, 43, 44, 45, 46",Edição Elite desenhada para tração elite e controlo superior no relvado SG. Tamanhos disponíveis do 35 ao 46.,Stock Verificado,https://goldenkicks.co.mz/assets/PRODUCTS/campo/gk-cmp-240-1.png,https://goldenkicks.co.mz/assets/PRODUCTS/campo/gk-cmp-240-2.png,https://goldenkicks.co.mz/assets/PRODUCTS/campo/gk-cmp-240-3.png,https://goldenkicks.co.mz/assets/PRODUCTS/campo/gk-cmp-240-4.png,https://goldenkicks.co.mz/assets/PRODUCTS/campo/gk-cmp-240-5.png,https://goldenkicks.co.mz/assets/PRODUCTS/campo/gk-cmp-240-6.png
GK-CMP-241,Puma Ultra Ultimate HG #469,Puma,Velocidade,Academy,Chuteiras,HG,18500,Volt / Silver,"35, 36, 37, 38, 39, 40, 41, 42, 43, 44, 45, 46",Edição Academy desenhada para tração elite e controlo superior no relvado HG. Tamanhos disponíveis do 35 ao 46.,Mais Vendido,https://goldenkicks.co.mz/assets/PRODUCTS/campo/gk-cmp-241-1.png,https://goldenkicks.co.mz/assets/PRODUCTS/campo/gk-cmp-241-2.png,https://goldenkicks.co.mz/assets/PRODUCTS/campo/gk-cmp-241-3.png,https://goldenkicks.co.mz/assets/PRODUCTS/campo/gk-cmp-241-4.png,https://goldenkicks.co.mz/assets/PRODUCTS/campo/gk-cmp-241-5.png,https://goldenkicks.co.mz/assets/PRODUCTS/campo/gk-cmp-241-6.png
GK-CMP-242,Puma Ultra Ultimate MG #472,Puma,Velocidade,Elite,Chuteiras,MG,4500,Triple Black,"35, 36, 37, 38, 39, 40, 41, 42, 43, 44, 45, 46",Edição Elite desenhada para tração elite e controlo superior no relvado MG. Tamanhos disponíveis do 35 ao 46.,Stock Verificado,https://goldenkicks.co.mz/assets/PRODUCTS/campo/gk-cmp-242-1.png,https://goldenkicks.co.mz/assets/PRODUCTS/campo/gk-cmp-242-2.png,https://goldenkicks.co.mz/assets/PRODUCTS/campo/gk-cmp-242-3.png,https://goldenkicks.co.mz/assets/PRODUCTS/campo/gk-cmp-242-4.png,https://goldenkicks.co.mz/assets/PRODUCTS/campo/gk-cmp-242-5.png,https://goldenkicks.co.mz/assets/PRODUCTS/campo/gk-cmp-242-6.png
GK-CMP-243,Puma Future Ultimate IN #474,Puma,Agilidade,Academy,Chuteiras,IN,21500,Navy / Volt,"35, 36, 37, 38, 39, 40, 41, 42, 43, 44, 45, 46",Edição Academy desenhada para tração elite e controlo superior no relvado IN. Tamanhos disponíveis do 35 ao 46.,Stock Verificado,https://goldenkicks.co.mz/assets/PRODUCTS/campo/gk-cmp-243-1.png,https://goldenkicks.co.mz/assets/PRODUCTS/campo/gk-cmp-243-2.png,https://goldenkicks.co.mz/assets/PRODUCTS/campo/gk-cmp-243-3.png,https://goldenkicks.co.mz/assets/PRODUCTS/campo/gk-cmp-243-4.png,https://goldenkicks.co.mz/assets/PRODUCTS/campo/gk-cmp-243-5.png,https://goldenkicks.co.mz/assets/PRODUCTS/campo/gk-cmp-243-6.png
GK-CMP-244,Nike Phantom GX 2 IN #475,Nike,Controlo,Academy,Chuteiras,IN,6800,Navy / Volt,"35, 36, 37, 38, 39, 40, 41, 42, 43, 44, 45, 46",Edição Academy desenhada para tração elite e controlo superior no relvado IN. Tamanhos disponíveis do 35 ao 46.,Stock Verificado,https://goldenkicks.co.mz/assets/PRODUCTS/campo/gk-cmp-244-1.png,https://goldenkicks.co.mz/assets/PRODUCTS/campo/gk-cmp-244-2.png,https://goldenkicks.co.mz/assets/PRODUCTS/campo/gk-cmp-244-3.png,https://goldenkicks.co.mz/assets/PRODUCTS/campo/gk-cmp-244-4.png,https://goldenkicks.co.mz/assets/PRODUCTS/campo/gk-cmp-244-5.png,https://goldenkicks.co.mz/assets/PRODUCTS/campo/gk-cmp-244-6.png
GK-CMP-245,Adidas F50 League AG #476,Adidas,Velocidade,Pro,Chuteiras,AG,8900,Black / Gold,"35, 36, 37, 38, 39, 40, 41, 42, 43, 44, 45, 46",Edição Pro desenhada para tração elite e controlo superior no relvado AG. Tamanhos disponíveis do 35 ao 46.,Mais Vendido,https://goldenkicks.co.mz/assets/PRODUCTS/campo/gk-cmp-245-1.png,https://goldenkicks.co.mz/assets/PRODUCTS/campo/gk-cmp-245-2.png,https://goldenkicks.co.mz/assets/PRODUCTS/campo/gk-cmp-245-3.png,https://goldenkicks.co.mz/assets/PRODUCTS/campo/gk-cmp-245-4.png,https://goldenkicks.co.mz/assets/PRODUCTS/campo/gk-cmp-245-5.png,https://goldenkicks.co.mz/assets/PRODUCTS/campo/gk-cmp-245-6.png
GK-CMP-246,New Balance Furon V7 Pro IN #478,New Balance,Velocidade,Pro,Chuteiras,IN,6800,Triple Black,"35, 36, 37, 38, 39, 40, 41, 42, 43, 44, 45, 46",Edição Pro desenhada para tração elite e controlo superior no relvado IN. Tamanhos disponíveis do 35 ao 46.,Stock Verificado,https://goldenkicks.co.mz/assets/PRODUCTS/campo/gk-cmp-246-1.png,https://goldenkicks.co.mz/assets/PRODUCTS/campo/gk-cmp-246-2.png,https://goldenkicks.co.mz/assets/PRODUCTS/campo/gk-cmp-246-3.png,https://goldenkicks.co.mz/assets/PRODUCTS/campo/gk-cmp-246-4.png,https://goldenkicks.co.mz/assets/PRODUCTS/campo/gk-cmp-246-5.png,https://goldenkicks.co.mz/assets/PRODUCTS/campo/gk-cmp-246-6.png
GK-CMP-247,Joma Top Flex Rebound MG #480,Joma,Clássico,Academy,Chuteiras,MG,8900,Triple Black,"35, 36, 37, 38, 39, 40, 41, 42, 43, 44, 45, 46",Edição Academy desenhada para tração elite e controlo superior no relvado MG. Tamanhos disponíveis do 35 ao 46.,Edição Especial,https://goldenkicks.co.mz/assets/PRODUCTS/campo/gk-cmp-247-1.png,https://goldenkicks.co.mz/assets/PRODUCTS/campo/gk-cmp-247-2.png,https://goldenkicks.co.mz/assets/PRODUCTS/campo/gk-cmp-247-3.png,https://goldenkicks.co.mz/assets/PRODUCTS/campo/gk-cmp-247-4.png,https://goldenkicks.co.mz/assets/PRODUCTS/campo/gk-cmp-247-5.png,https://goldenkicks.co.mz/assets/PRODUCTS/campo/gk-cmp-247-6.png
GK-CMP-248,New Balance Tekela V4 Pro IN #484,New Balance,Controlo,Pro,Chuteiras,IN,18500,Black / Gold,"35, 36, 37, 38, 39, 40, 41, 42, 43, 44, 45, 46",Edição Pro desenhada para tração elite e controlo superior no relvado IN. Tamanhos disponíveis do 35 ao 46.,Stock Verificado,https://goldenkicks.co.mz/assets/PRODUCTS/campo/gk-cmp-248-1.png,https://goldenkicks.co.mz/assets/PRODUCTS/campo/gk-cmp-248-2.png,https://goldenkicks.co.mz/assets/PRODUCTS/campo/gk-cmp-248-3.png,https://goldenkicks.co.mz/assets/PRODUCTS/campo/gk-cmp-248-4.png,https://goldenkicks.co.mz/assets/PRODUCTS/campo/gk-cmp-248-5.png,https://goldenkicks.co.mz/assets/PRODUCTS/campo/gk-cmp-248-6.png
GK-CMP-249,Joma Top Flex Rebound SG #487,Joma,Clássico,Club,Chuteiras,SG,19200,Volt / Silver,"35, 36, 37, 38, 39, 40, 41, 42, 43, 44, 45, 46",Edição Club desenhada para tração elite e controlo superior no relvado SG. Tamanhos disponíveis do 35 ao 46.,Stock Verificado,https://goldenkicks.co.mz/assets/PRODUCTS/campo/gk-cmp-249-1.png,https://goldenkicks.co.mz/assets/PRODUCTS/campo/gk-cmp-249-2.png,https://goldenkicks.co.mz/assets/PRODUCTS/campo/gk-cmp-249-3.png,https://goldenkicks.co.mz/assets/PRODUCTS/campo/gk-cmp-249-4.png,https://goldenkicks.co.mz/assets/PRODUCTS/campo/gk-cmp-249-5.png,https://goldenkicks.co.mz/assets/PRODUCTS/campo/gk-cmp-249-6.png
GK-CMP-250,Adidas F50 League FG #488,Adidas,Velocidade,Elite,Chuteiras,FG,8900,Volt / Silver,"35, 36, 37, 38, 39, 40, 41, 42, 43, 44, 45, 46",Edição Elite desenhada para tração elite e controlo superior no relvado FG. Tamanhos disponíveis do 35 ao 46.,Stock Verificado,https://goldenkicks.co.mz/assets/PRODUCTS/campo/gk-cmp-250-1.png,https://goldenkicks.co.mz/assets/PRODUCTS/campo/gk-cmp-250-2.png,https://goldenkicks.co.mz/assets/PRODUCTS/campo/gk-cmp-250-3.png,https://goldenkicks.co.mz/assets/PRODUCTS/campo/gk-cmp-250-4.png,https://goldenkicks.co.mz/assets/PRODUCTS/campo/gk-cmp-250-5.png,https://goldenkicks.co.mz/assets/PRODUCTS/campo/gk-cmp-250-6.png
GK-CMP-251,Mizuno Morelia Neo IV IN #494,Mizuno,Clássico,Academy,Chuteiras,IN,18500,White / Gold,"35, 36, 37, 38, 39, 40, 41, 42, 43, 44, 45, 46",Edição Academy desenhada para tração elite e controlo superior no relvado IN. Tamanhos disponíveis do 35 ao 46.,Stock Verificado,https://goldenkicks.co.mz/assets/PRODUCTS/campo/gk-cmp-251-1.png,https://goldenkicks.co.mz/assets/PRODUCTS/campo/gk-cmp-251-2.png,https://goldenkicks.co.mz/assets/PRODUCTS/campo/gk-cmp-251-3.png,https://goldenkicks.co.mz/assets/PRODUCTS/campo/gk-cmp-251-4.png,https://goldenkicks.co.mz/assets/PRODUCTS/campo/gk-cmp-251-5.png,https://goldenkicks.co.mz/assets/PRODUCTS/campo/gk-cmp-251-6.png
GK-CMP-252,New Balance Tekela V4 Pro HG #497,New Balance,Controlo,Pro,Chuteiras,HG,21500,Navy / Volt,"35, 36, 37, 38, 39, 40, 41, 42, 43, 44, 45, 46",Edição Pro desenhada para tração elite e controlo superior no relvado HG. Tamanhos disponíveis do 35 ao 46.,Mais Vendido,https://goldenkicks.co.mz/assets/PRODUCTS/campo/gk-cmp-252-1.png,https://goldenkicks.co.mz/assets/PRODUCTS/campo/gk-cmp-252-2.png,https://goldenkicks.co.mz/assets/PRODUCTS/campo/gk-cmp-252-3.png,https://goldenkicks.co.mz/assets/PRODUCTS/campo/gk-cmp-252-4.png,https://goldenkicks.co.mz/assets/PRODUCTS/campo/gk-cmp-252-5.png,https://goldenkicks.co.mz/assets/PRODUCTS/campo/gk-cmp-252-6.png
