sku,name,brand,silo,level,category,surface,price,color,sizes,description,badge,angle1 (main),angle2,angle3,angle4,angle5,angle6
GK-SOC-001,New Balance Furon V7 Pro TF #5,New Balance,Velocidade,Pro,Chuteiras,TF,4500,Crimson / Bone,"35, 36, 37, 38, 39, 40, 41, 42, 43, 44, 45, 46",Edição Pro desenhada para tração elite e controlo superior no relvado TF. Tamanhos disponíveis do 35 ao 46.,Stock Verificado,https://goldenkicks.co.mz/assets/PRODUCTS/society/gk-soc-001-1.png,https://goldenkicks.co.mz/assets/PRODUCTS/society/gk-soc-001-2.png,https://goldenkicks.co.mz/assets/PRODUCTS/society/gk-soc-001-3.png,https://goldenkicks.co.mz/assets/PRODUCTS/society/gk-soc-001-4.png,https://goldenkicks.co.mz/assets/PRODUCTS/society/gk-soc-001-5.png,https://goldenkicks.co.mz/assets/PRODUCTS/society/gk-soc-001-6.png
GK-SOC-002,Joma Top Flex Rebound TF #6,Joma,Clássico,Academy,Chuteiras,TF,8900,Triple Black,"35, 36, 37, 38, 39, 40, 41, 42, 43, 44, 45, 46",Edição Academy desenhada para tração elite e controlo superior no relvado TF. Tamanhos disponíveis do 35 ao 46.,Stock Verificado,https://goldenkicks.co.mz/assets/PRODUCTS/society/gk-soc-002-1.png,https://goldenkicks.co.mz/assets/PRODUCTS/society/gk-soc-002-2.png,https://goldenkicks.co.mz/assets/PRODUCTS/society/gk-soc-002-3.png,https://goldenkicks.co.mz/assets/PRODUCTS/society/gk-soc-002-4.png,https://goldenkicks.co.mz/assets/PRODUCTS/society/gk-soc-002-5.png,https://goldenkicks.co.mz/assets/PRODUCTS/society/gk-soc-002-6.png
GK-SOC-003,Nike Phantom GX 2 TF #8,Nike,Controlo,Club,Chuteiras,TF,4500,Crimson / Bone,"35, 36, 37, 38, 39, 40, 41, 42, 43, 44, 45, 46",Edição Club desenhada para tração elite e controlo superior no relvado TF. Tamanhos disponíveis do 35 ao 46.,Stock Verificado,https://goldenkicks.co.mz/assets/PRODUCTS/society/gk-soc-003-1.png,https://goldenkicks.co.mz/assets/PRODUCTS/society/gk-soc-003-2.png,https://goldenkicks.co.mz/assets/PRODUCTS/society/gk-soc-003-3.png,https://goldenkicks.co.mz/assets/PRODUCTS/society/gk-soc-003-4.png,https://goldenkicks.co.mz/assets/PRODUCTS/society/gk-soc-003-5.png,https://goldenkicks.co.mz/assets/PRODUCTS/society/gk-soc-003-6.png
GK-SOC-004,Puma Future Ultimate TF #9,Puma,Agilidade,Elite,Chuteiras,TF,12500,White / Gold,"35, 36, 37, 38, 39, 40, 41, 42, 43, 44, 45, 46",Edição Elite desenhada para tração elite e controlo superior no relvado TF. Tamanhos disponíveis do 35 ao 46.,Stock Verificado,https://goldenkicks.co.mz/assets/PRODUCTS/society/gk-soc-004-1.png,https://goldenkicks.co.mz/assets/PRODUCTS/society/gk-soc-004-2.png,https://goldenkicks.co.mz/assets/PRODUCTS/society/gk-soc-004-3.png,https://goldenkicks.co.mz/assets/PRODUCTS/society/gk-soc-004-4.png,https://goldenkicks.co.mz/assets/PRODUCTS/society/gk-soc-004-5.png,https://goldenkicks.co.mz/assets/PRODUCTS/society/gk-soc-004-6.png
GK-SOC-005,New Balance Tekela V4 Pro TF #11,New Balance,Controlo,Academy,Chuteiras,TF,4500,Triple Black,"35, 36, 37, 38, 39, 40, 41, 42, 43, 44, 45, 46",Edição Academy desenhada para tração elite e controlo superior no relvado TF. Tamanhos disponíveis do 35 ao 46.,Stock Verificado,https://goldenkicks.co.mz/assets/PRODUCTS/society/gk-soc-005-1.png,https://goldenkicks.co.mz/assets/PRODUCTS/society/gk-soc-005-2.png,https://goldenkicks.co.mz/assets/PRODUCTS/society/gk-soc-005-3.png,https://goldenkicks.co.mz/assets/PRODUCTS/society/gk-soc-005-4.png,https://goldenkicks.co.mz/assets/PRODUCTS/society/gk-soc-005-5.png,https://goldenkicks.co.mz/assets/PRODUCTS/society/gk-soc-005-6.png
GK-SOC-006,Nike Phantom GX 2 TF #14,Nike,Controlo,Elite,Chuteiras,TF,4500,Triple Black,"35, 36, 37, 38, 39, 40, 41, 42, 43, 44, 45, 46",Edição Elite desenhada para tração elite e controlo superior no relvado TF. Tamanhos disponíveis do 35 ao 46.,Mais Vendido,https://goldenkicks.co.mz/assets/PRODUCTS/society/gk-soc-006-1.png,https://goldenkicks.co.mz/assets/PRODUCTS/society/gk-soc-006-2.png,https://goldenkicks.co.mz/assets/PRODUCTS/society/gk-soc-006-3.png,https://goldenkicks.co.mz/assets/PRODUCTS/society/gk-soc-006-4.png,https://goldenkicks.co.mz/assets/PRODUCTS/society/gk-soc-006-5.png,https://goldenkicks.co.mz/assets/PRODUCTS/society/gk-soc-006-6.png
GK-SOC-007,Adidas Predator Elite TF #15,Adidas,Precisão,Academy,Chuteiras,TF,6800,Triple Black,"35, 36, 37, 38, 39, 40, 41, 42, 43, 44, 45, 46",Edição Academy desenhada para tração elite e controlo superior no relvado TF. Tamanhos disponíveis do 35 ao 46.,Stock Verificado,https://goldenkicks.co.mz/assets/PRODUCTS/society/gk-soc-007-1.png,https://goldenkicks.co.mz/assets/PRODUCTS/society/gk-soc-007-2.png,https://goldenkicks.co.mz/assets/PRODUCTS/society/gk-soc-007-3.png,https://goldenkicks.co.mz/assets/PRODUCTS/society/gk-soc-007-4.png,https://goldenkicks.co.mz/assets/PRODUCTS/society/gk-soc-007-5.png,https://goldenkicks.co.mz/assets/PRODUCTS/society/gk-soc-007-6.png
GK-SOC-008,New Balance Tekela V4 Pro TF #16,New Balance,Controlo,Club,Chuteiras,TF,6800,Triple Black,"35, 36, 37, 38, 39, 40, 41, 42, 43, 44, 45, 46",Edição Club desenhada para tração elite e controlo superior no relvado TF. Tamanhos disponíveis do 35 ao 46.,Stock Verificado,https://goldenkicks.co.mz/assets/PRODUCTS/society/gk-soc-008-1.png,https://goldenkicks.co.mz/assets/PRODUCTS/society/gk-soc-008-2.png,https://goldenkicks.co.mz/assets/PRODUCTS/society/gk-soc-008-3.png,https://goldenkicks.co.mz/assets/PRODUCTS/society/gk-soc-008-4.png,https://goldenkicks.co.mz/assets/PRODUCTS/society/gk-soc-008-5.png,https://goldenkicks.co.mz/assets/PRODUCTS/society/gk-soc-008-6.png
GK-SOC-009,Adidas Predator Elite TF #18,Adidas,Precisão,Club,Chuteiras,TF,12500,Black / Gold,"35, 36, 37, 38, 39, 40, 41, 42, 43, 44, 45, 46",Edição Club desenhada para tração elite e controlo superior no relvado TF. Tamanhos disponíveis do 35 ao 46.,Stock Verificado,https://goldenkicks.co.mz/assets/PRODUCTS/society/gk-soc-009-1.png,https://goldenkicks.co.mz/assets/PRODUCTS/society/gk-soc-009-2.png,https://goldenkicks.co.mz/assets/PRODUCTS/society/gk-soc-009-3.png,https://goldenkicks.co.mz/assets/PRODUCTS/society/gk-soc-009-4.png,https://goldenkicks.co.mz/assets/PRODUCTS/society/gk-soc-009-5.png,https://goldenkicks.co.mz/assets/PRODUCTS/society/gk-soc-009-6.png
GK-SOC-010,Nike Phantom GX 2 TF #19,Nike,Controlo,Elite,Chuteiras,TF,6800,White / Gold,"35, 36, 37, 38, 39, 40, 41, 42, 43, 44, 45, 46",Edição Elite desenhada para tração elite e controlo superior no relvado TF. Tamanhos disponíveis do 35 ao 46.,Stock Verificado,https://goldenkicks.co.mz/assets/PRODUCTS/society/gk-soc-010-1.png,https://goldenkicks.co.mz/assets/PRODUCTS/society/gk-soc-010-2.png,https://goldenkicks.co.mz/assets/PRODUCTS/society/gk-soc-010-3.png,https://goldenkicks.co.mz/assets/PRODUCTS/society/gk-soc-010-4.png,https://goldenkicks.co.mz/assets/PRODUCTS/society/gk-soc-010-5.png,https://goldenkicks.co.mz/assets/PRODUCTS/society/gk-soc-010-6.png
GK-SOC-011,Nike Phantom GX 2 TF #20,Nike,Controlo,Elite,Chuteiras,TF,19200,Triple Black,"35, 36, 37, 38, 39, 40, 41, 42, 43, 44, 45, 46",Edição Elite desenhada para tração elite e controlo superior no relvado TF. Tamanhos disponíveis do 35 ao 46.,Edição Especial,https://goldenkicks.co.mz/assets/PRODUCTS/society/gk-soc-011-1.png,https://goldenkicks.co.mz/assets/PRODUCTS/society/gk-soc-011-2.png,https://goldenkicks.co.mz/assets/PRODUCTS/society/gk-soc-011-3.png,https://goldenkicks.co.mz/assets/PRODUCTS/society/gk-soc-011-4.png,https://goldenkicks.co.mz/assets/PRODUCTS/society/gk-soc-011-5.png,https://goldenkicks.co.mz/assets/PRODUCTS/society/gk-soc-011-6.png
GK-SOC-012,Adidas Predator Elite TF #25,Adidas,Precisão,Elite,Chuteiras,TF,8900,Triple Black,"35, 36, 37, 38, 39, 40, 41, 42, 43, 44, 45, 46",Edição Elite desenhada para tração elite e controlo superior no relvado TF. Tamanhos disponíveis do 35 ao 46.,Stock Verificado,https://goldenkicks.co.mz/assets/PRODUCTS/society/gk-soc-012-1.png,https://goldenkicks.co.mz/assets/PRODUCTS/society/gk-soc-012-2.png,https://goldenkicks.co.mz/assets/PRODUCTS/society/gk-soc-012-3.png,https://goldenkicks.co.mz/assets/PRODUCTS/society/gk-soc-012-4.png,https://goldenkicks.co.mz/assets/PRODUCTS/society/gk-soc-012-5.png,https://goldenkicks.co.mz/assets/PRODUCTS/society/gk-soc-012-6.png
GK-SOC-013,New Balance Tekela V4 Pro TF #26,New Balance,Controlo,Club,Chuteiras,TF,19200,Phantom / Gold,"35, 36, 37, 38, 39, 40, 41, 42, 43, 44, 45, 46",Edição Club desenhada para tração elite e controlo superior no relvado TF. Tamanhos disponíveis do 35 ao 46.,Stock Verificado,https://goldenkicks.co.mz/assets/PRODUCTS/society/gk-soc-013-1.png,https://goldenkicks.co.mz/assets/PRODUCTS/society/gk-soc-013-2.png,https://goldenkicks.co.mz/assets/PRODUCTS/society/gk-soc-013-3.png,https://goldenkicks.co.mz/assets/PRODUCTS/society/gk-soc-013-4.png,https://goldenkicks.co.mz/assets/PRODUCTS/society/gk-soc-013-5.png,https://goldenkicks.co.mz/assets/PRODUCTS/society/gk-soc-013-6.png
GK-SOC-014,New Balance Furon V7 Pro TF #31,New Balance,Velocidade,Club,Chuteiras,TF,18500,White / Gold,"35, 36, 37, 38, 39, 40, 41, 42, 43, 44, 45, 46",Edição Club desenhada para tração elite e controlo superior no relvado TF. Tamanhos disponíveis do 35 ao 46.,Stock Verificado,https://goldenkicks.co.mz/assets/PRODUCTS/society/gk-soc-014-1.png,https://goldenkicks.co.mz/assets/PRODUCTS/society/gk-soc-014-2.png,https://goldenkicks.co.mz/assets/PRODUCTS/society/gk-soc-014-3.png,https://goldenkicks.co.mz/assets/PRODUCTS/society/gk-soc-014-4.png,https://goldenkicks.co.mz/assets/PRODUCTS/society/gk-soc-014-5.png,https://goldenkicks.co.mz/assets/PRODUCTS/society/gk-soc-014-6.png
GK-SOC-015,Adidas F50 League TF #40,Adidas,Velocidade,Academy,Chuteiras,TF,6800,Black / Gold,"35, 36, 37, 38, 39, 40, 41, 42, 43, 44, 45, 46",Edição Academy desenhada para tração elite e controlo superior no relvado TF. Tamanhos disponíveis do 35 ao 46.,Edição Especial,https://goldenkicks.co.mz/assets/PRODUCTS/society/gk-soc-015-1.png,https://goldenkicks.co.mz/assets/PRODUCTS/society/gk-soc-015-2.png,https://goldenkicks.co.mz/assets/PRODUCTS/society/gk-soc-015-3.png,https://goldenkicks.co.mz/assets/PRODUCTS/society/gk-soc-015-4.png,https://goldenkicks.co.mz/assets/PRODUCTS/society/gk-soc-015-5.png,https://goldenkicks.co.mz/assets/PRODUCTS/society/gk-soc-015-6.png
GK-SOC-016,Mizuno Morelia Neo IV TF #44,Mizuno,Clássico,Elite,Chuteiras,TF,18500,White / Gold,"35, 36, 37, 38, 39, 40, 41, 42, 43, 44, 45, 46",Edição Elite desenhada para tração elite e controlo superior no relvado TF. Tamanhos disponíveis do 35 ao 46.,Stock Verificado,https://goldenkicks.co.mz/assets/PRODUCTS/society/gk-soc-016-1.png,https://goldenkicks.co.mz/assets/PRODUCTS/society/gk-soc-016-2.png,https://goldenkicks.co.mz/assets/PRODUCTS/society/gk-soc-016-3.png,https://goldenkicks.co.mz/assets/PRODUCTS/society/gk-soc-016-4.png,https://goldenkicks.co.mz/assets/PRODUCTS/society/gk-soc-016-5.png,https://goldenkicks.co.mz/assets/PRODUCTS/society/gk-soc-016-6.png
GK-SOC-017,New Balance Furon V7 Pro TF #46,New Balance,Velocidade,Elite,Chuteiras,TF,6800,Phantom / Gold,"35, 36, 37, 38, 39, 40, 41, 42, 43, 44, 45, 46",Edição Elite desenhada para tração elite e controlo superior no relvado TF. Tamanhos disponíveis do 35 ao 46.,Stock Verificado,https://goldenkicks.co.mz/assets/PRODUCTS/society/gk-soc-017-1.png,https://goldenkicks.co.mz/assets/PRODUCTS/society/gk-soc-017-2.png,https://goldenkicks.co.mz/assets/PRODUCTS/society/gk-soc-017-3.png,https://goldenkicks.co.mz/assets/PRODUCTS/society/gk-soc-017-4.png,https://goldenkicks.co.mz/assets/PRODUCTS/society/gk-soc-017-5.png,https://goldenkicks.co.mz/assets/PRODUCTS/society/gk-soc-017-6.png
GK-SOC-018,Nike Mercurial Vapor 16 TF #47,Nike,Velocidade,Pro,Chuteiras,TF,4500,White / Gold,"35, 36, 37, 38, 39, 40, 41, 42, 43, 44, 45, 46",Edição Pro desenhada para tração elite e controlo superior no relvado TF. Tamanhos disponíveis do 35 ao 46.,Stock Verificado,https://goldenkicks.co.mz/assets/PRODUCTS/society/gk-soc-018-1.png,https://goldenkicks.co.mz/assets/PRODUCTS/society/gk-soc-018-2.png,https://goldenkicks.co.mz/assets/PRODUCTS/society/gk-soc-018-3.png,https://goldenkicks.co.mz/assets/PRODUCTS/society/gk-soc-018-4.png,https://goldenkicks.co.mz/assets/PRODUCTS/society/gk-soc-018-5.png,https://goldenkicks.co.mz/assets/PRODUCTS/society/gk-soc-018-6.png
GK-SOC-019,Puma Ultra Ultimate TF #50,Puma,Velocidade,Elite,Chuteiras,TF,19200,Navy / Volt,"35, 36, 37, 38, 39, 40, 41, 42, 43, 44, 45, 46",Edição Elite desenhada para tração elite e controlo superior no relvado TF. Tamanhos disponíveis do 35 ao 46.,Edição Especial,https://goldenkicks.co.mz/assets/PRODUCTS/society/gk-soc-019-1.png,https://goldenkicks.co.mz/assets/PRODUCTS/society/gk-soc-019-2.png,https://goldenkicks.co.mz/assets/PRODUCTS/society/gk-soc-019-3.png,https://goldenkicks.co.mz/assets/PRODUCTS/society/gk-soc-019-4.png,https://goldenkicks.co.mz/assets/PRODUCTS/society/gk-soc-019-5.png,https://goldenkicks.co.mz/assets/PRODUCTS/society/gk-soc-019-6.png
GK-SOC-020,Puma Future Ultimate TF #54,Puma,Agilidade,Club,Chuteiras,TF,4500,Navy / Volt,"35, 36, 37, 38, 39, 40, 41, 42, 43, 44, 45, 46",Edição Club desenhada para tração elite e controlo superior no relvado TF. Tamanhos disponíveis do 35 ao 46.,Stock Verificado,https://goldenkicks.co.mz/assets/PRODUCTS/society/gk-soc-020-1.png,https://goldenkicks.co.mz/assets/PRODUCTS/society/gk-soc-020-2.png,https://goldenkicks.co.mz/assets/PRODUCTS/society/gk-soc-020-3.png,https://goldenkicks.co.mz/assets/PRODUCTS/society/gk-soc-020-4.png,https://goldenkicks.co.mz/assets/PRODUCTS/society/gk-soc-020-5.png,https://goldenkicks.co.mz/assets/PRODUCTS/society/gk-soc-020-6.png
GK-SOC-021,Adidas Predator Elite TF #60,Adidas,Precisão,Club,Chuteiras,TF,21500,Volt / Silver,"35, 36, 37, 38, 39, 40, 41, 42, 43, 44, 45, 46",Edição Club desenhada para tração elite e controlo superior no relvado TF. Tamanhos disponíveis do 35 ao 46.,Edição Especial,https://goldenkicks.co.mz/assets/PRODUCTS/society/gk-soc-021-1.png,https://goldenkicks.co.mz/assets/PRODUCTS/society/gk-soc-021-2.png,https://goldenkicks.co.mz/assets/PRODUCTS/society/gk-soc-021-3.png,https://goldenkicks.co.mz/assets/PRODUCTS/society/gk-soc-021-4.png,https://goldenkicks.co.mz/assets/PRODUCTS/society/gk-soc-021-5.png,https://goldenkicks.co.mz/assets/PRODUCTS/society/gk-soc-021-6.png
GK-SOC-022,New Balance Tekela V4 Pro TF #61,New Balance,Controlo,Club,Chuteiras,TF,21500,Volt / Silver,"35, 36, 37, 38, 39, 40, 41, 42, 43, 44, 45, 46",Edição Club desenhada para tração elite e controlo superior no relvado TF. Tamanhos disponíveis do 35 ao 46.,Stock Verificado,https://goldenkicks.co.mz/assets/PRODUCTS/society/gk-soc-022-1.png,https://goldenkicks.co.mz/assets/PRODUCTS/society/gk-soc-022-2.png,https://goldenkicks.co.mz/assets/PRODUCTS/society/gk-soc-022-3.png,https://goldenkicks.co.mz/assets/PRODUCTS/society/gk-soc-022-4.png,https://goldenkicks.co.mz/assets/PRODUCTS/society/gk-soc-022-5.png,https://goldenkicks.co.mz/assets/PRODUCTS/society/gk-soc-022-6.png
GK-SOC-023,Puma Ultra Ultimate TF #63,Puma,Velocidade,Academy,Chuteiras,TF,19200,White / Gold,"35, 36, 37, 38, 39, 40, 41, 42, 43, 44, 45, 46",Edição Academy desenhada para tração elite e controlo superior no relvado TF. Tamanhos disponíveis do 35 ao 46.,Mais Vendido,https://goldenkicks.co.mz/assets/PRODUCTS/society/gk-soc-023-1.png,https://goldenkicks.co.mz/assets/PRODUCTS/society/gk-soc-023-2.png,https://goldenkicks.co.mz/assets/PRODUCTS/society/gk-soc-023-3.png,https://goldenkicks.co.mz/assets/PRODUCTS/society/gk-soc-023-4.png,https://goldenkicks.co.mz/assets/PRODUCTS/society/gk-soc-023-5.png,https://goldenkicks.co.mz/assets/PRODUCTS/society/gk-soc-023-6.png
GK-SOC-024,Nike Phantom GX 2 TF #64,Nike,Controlo,Academy,Chuteiras,TF,4500,White / Gold,"35, 36, 37, 38, 39, 40, 41, 42, 43, 44, 45, 46",Edição Academy desenhada para tração elite e controlo superior no relvado TF. Tamanhos disponíveis do 35 ao 46.,Stock Verificado,https://goldenkicks.co.mz/assets/PRODUCTS/society/gk-soc-024-1.png,https://goldenkicks.co.mz/assets/PRODUCTS/society/gk-soc-024-2.png,https://goldenkicks.co.mz/assets/PRODUCTS/society/gk-soc-024-3.png,https://goldenkicks.co.mz/assets/PRODUCTS/society/gk-soc-024-4.png,https://goldenkicks.co.mz/assets/PRODUCTS/society/gk-soc-024-5.png,https://goldenkicks.co.mz/assets/PRODUCTS/society/gk-soc-024-6.png
GK-SOC-025,Mizuno Morelia Neo IV TF #66,Mizuno,Clássico,Academy,Chuteiras,TF,19200,Navy / Volt,"35, 36, 37, 38, 39, 40, 41, 42, 43, 44, 45, 46",Edição Academy desenhada para tração elite e controlo superior no relvado TF. Tamanhos disponíveis do 35 ao 46.,Stock Verificado,https://goldenkicks.co.mz/assets/PRODUCTS/society/gk-soc-025-1.png,https://goldenkicks.co.mz/assets/PRODUCTS/society/gk-soc-025-2.png,https://goldenkicks.co.mz/assets/PRODUCTS/society/gk-soc-025-3.png,https://goldenkicks.co.mz/assets/PRODUCTS/society/gk-soc-025-4.png,https://goldenkicks.co.mz/assets/PRODUCTS/society/gk-soc-025-5.png,https://goldenkicks.co.mz/assets/PRODUCTS/society/gk-soc-025-6.png
GK-SOC-026,Nike Phantom GX 2 TF #68,Nike,Controlo,Elite,Chuteiras,TF,6800,Black / Gold,"35, 36, 37, 38, 39, 40, 41, 42, 43, 44, 45, 46",Edição Elite desenhada para tração elite e controlo superior no relvado TF. Tamanhos disponíveis do 35 ao 46.,Stock Verificado,https://goldenkicks.co.mz/assets/PRODUCTS/society/gk-soc-026-1.png,https://goldenkicks.co.mz/assets/PRODUCTS/society/gk-soc-026-2.png,https://goldenkicks.co.mz/assets/PRODUCTS/society/gk-soc-026-3.png,https://goldenkicks.co.mz/assets/PRODUCTS/society/gk-soc-026-4.png,https://goldenkicks.co.mz/assets/PRODUCTS/society/gk-soc-026-5.png,https://goldenkicks.co.mz/assets/PRODUCTS/society/gk-soc-026-6.png
GK-SOC-027,Joma Top Flex Rebound TF #69,Joma,Clássico,Elite,Chuteiras,TF,12500,Triple Black,"35, 36, 37, 38, 39, 40, 41, 42, 43, 44, 45, 46",Edição Elite desenhada para tração elite e controlo superior no relvado TF. Tamanhos disponíveis do 35 ao 46.,Stock Verificado,https://goldenkicks.co.mz/assets/PRODUCTS/society/gk-soc-027-1.png,https://goldenkicks.co.mz/assets/PRODUCTS/society/gk-soc-027-2.png,https://goldenkicks.co.mz/assets/PRODUCTS/society/gk-soc-027-3.png,https://goldenkicks.co.mz/assets/PRODUCTS/society/gk-soc-027-4.png,https://goldenkicks.co.mz/assets/PRODUCTS/society/gk-soc-027-5.png,https://goldenkicks.co.mz/assets/PRODUCTS/society/gk-soc-027-6.png
GK-SOC-028,Nike Mercurial Vapor 16 TF #70,Nike,Velocidade,Elite,Chuteiras,TF,4500,Volt / Silver,"35, 36, 37, 38, 39, 40, 41, 42, 43, 44, 45, 46",Edição Elite desenhada para tração elite e controlo superior no relvado TF. Tamanhos disponíveis do 35 ao 46.,Edição Especial,https://goldenkicks.co.mz/assets/PRODUCTS/society/gk-soc-028-1.png,https://goldenkicks.co.mz/assets/PRODUCTS/society/gk-soc-028-2.png,https://goldenkicks.co.mz/assets/PRODUCTS/society/gk-soc-028-3.png,https://goldenkicks.co.mz/assets/PRODUCTS/society/gk-soc-028-4.png,https://goldenkicks.co.mz/assets/PRODUCTS/society/gk-soc-028-5.png,https://goldenkicks.co.mz/assets/PRODUCTS/society/gk-soc-028-6.png
GK-SOC-029,New Balance Tekela V4 Pro TF #75,New Balance,Controlo,Elite,Chuteiras,TF,8900,White / Gold,"35, 36, 37, 38, 39, 40, 41, 42, 43, 44, 45, 46",Edição Elite desenhada para tração elite e controlo superior no relvado TF. Tamanhos disponíveis do 35 ao 46.,Stock Verificado,https://goldenkicks.co.mz/assets/PRODUCTS/society/gk-soc-029-1.png,https://goldenkicks.co.mz/assets/PRODUCTS/society/gk-soc-029-2.png,https://goldenkicks.co.mz/assets/PRODUCTS/society/gk-soc-029-3.png,https://goldenkicks.co.mz/assets/PRODUCTS/society/gk-soc-029-4.png,https://goldenkicks.co.mz/assets/PRODUCTS/society/gk-soc-029-5.png,https://goldenkicks.co.mz/assets/PRODUCTS/society/gk-soc-029-6.png
GK-SOC-030,Adidas F50 League TF #77,Adidas,Velocidade,Academy,Chuteiras,TF,15800,Triple Black,"35, 36, 37, 38, 39, 40, 41, 42, 43, 44, 45, 46",Edição Academy desenhada para tração elite e controlo superior no relvado TF. Tamanhos disponíveis do 35 ao 46.,Mais Vendido,https://goldenkicks.co.mz/assets/PRODUCTS/society/gk-soc-030-1.png,https://goldenkicks.co.mz/assets/PRODUCTS/society/gk-soc-030-2.png,https://goldenkicks.co.mz/assets/PRODUCTS/society/gk-soc-030-3.png,https://goldenkicks.co.mz/assets/PRODUCTS/society/gk-soc-030-4.png,https://goldenkicks.co.mz/assets/PRODUCTS/society/gk-soc-030-5.png,https://goldenkicks.co.mz/assets/PRODUCTS/society/gk-soc-030-6.png
GK-SOC-031,Puma Future Ultimate TF #79,Puma,Agilidade,Elite,Chuteiras,TF,18500,Triple Black,"35, 36, 37, 38, 39, 40, 41, 42, 43, 44, 45, 46",Edição Elite desenhada para tração elite e controlo superior no relvado TF. Tamanhos disponíveis do 35 ao 46.,Stock Verificado,https://goldenkicks.co.mz/assets/PRODUCTS/society/gk-soc-031-1.png,https://goldenkicks.co.mz/assets/PRODUCTS/society/gk-soc-031-2.png,https://goldenkicks.co.mz/assets/PRODUCTS/society/gk-soc-031-3.png,https://goldenkicks.co.mz/assets/PRODUCTS/society/gk-soc-031-4.png,https://goldenkicks.co.mz/assets/PRODUCTS/society/gk-soc-031-5.png,https://goldenkicks.co.mz/assets/PRODUCTS/society/gk-soc-031-6.png
GK-SOC-032,New Balance Tekela V4 Pro TF #81,New Balance,Controlo,Club,Chuteiras,TF,21500,White / Gold,"35, 36, 37, 38, 39, 40, 41, 42, 43, 44, 45, 46",Edição Club desenhada para tração elite e controlo superior no relvado TF. Tamanhos disponíveis do 35 ao 46.,Stock Verificado,https://goldenkicks.co.mz/assets/PRODUCTS/society/gk-soc-032-1.png,https://goldenkicks.co.mz/assets/PRODUCTS/society/gk-soc-032-2.png,https://goldenkicks.co.mz/assets/PRODUCTS/society/gk-soc-032-3.png,https://goldenkicks.co.mz/assets/PRODUCTS/society/gk-soc-032-4.png,https://goldenkicks.co.mz/assets/PRODUCTS/society/gk-soc-032-5.png,https://goldenkicks.co.mz/assets/PRODUCTS/society/gk-soc-032-6.png
GK-SOC-033,Nike Mercurial Vapor 16 TF #84,Nike,Velocidade,Club,Chuteiras,TF,18500,White / Gold,"35, 36, 37, 38, 39, 40, 41, 42, 43, 44, 45, 46",Edição Club desenhada para tração elite e controlo superior no relvado TF. Tamanhos disponíveis do 35 ao 46.,Mais Vendido,https://goldenkicks.co.mz/assets/PRODUCTS/society/gk-soc-033-1.png,https://goldenkicks.co.mz/assets/PRODUCTS/society/gk-soc-033-2.png,https://goldenkicks.co.mz/assets/PRODUCTS/society/gk-soc-033-3.png,https://goldenkicks.co.mz/assets/PRODUCTS/society/gk-soc-033-4.png,https://goldenkicks.co.mz/assets/PRODUCTS/society/gk-soc-033-5.png,https://goldenkicks.co.mz/assets/PRODUCTS/society/gk-soc-033-6.png
GK-SOC-034,Nike Mercurial Vapor 16 TF #87,Nike,Velocidade,Academy,Chuteiras,TF,8900,Navy / Volt,"35, 36, 37, 38, 39, 40, 41, 42, 43, 44, 45, 46",Edição Academy desenhada para tração elite e controlo superior no relvado TF. Tamanhos disponíveis do 35 ao 46.,Stock Verificado,https://goldenkicks.co.mz/assets/PRODUCTS/society/gk-soc-034-1.png,https://goldenkicks.co.mz/assets/PRODUCTS/society/gk-soc-034-2.png,https://goldenkicks.co.mz/assets/PRODUCTS/society/gk-soc-034-3.png,https://goldenkicks.co.mz/assets/PRODUCTS/society/gk-soc-034-4.png,https://goldenkicks.co.mz/assets/PRODUCTS/society/gk-soc-034-5.png,https://goldenkicks.co.mz/assets/PRODUCTS/society/gk-soc-034-6.png
GK-SOC-035,New Balance Tekela V4 Pro TF #88,New Balance,Controlo,Academy,Chuteiras,TF,21500,Volt / Silver,"35, 36, 37, 38, 39, 40, 41, 42, 43, 44, 45, 46",Edição Academy desenhada para tração elite e controlo superior no relvado TF. Tamanhos disponíveis do 35 ao 46.,Stock Verificado,https://goldenkicks.co.mz/assets/PRODUCTS/society/gk-soc-035-1.png,https://goldenkicks.co.mz/assets/PRODUCTS/society/gk-soc-035-2.png,https://goldenkicks.co.mz/assets/PRODUCTS/society/gk-soc-035-3.png,https://goldenkicks.co.mz/assets/PRODUCTS/society/gk-soc-035-4.png,https://goldenkicks.co.mz/assets/PRODUCTS/society/gk-soc-035-5.png,https://goldenkicks.co.mz/assets/PRODUCTS/society/gk-soc-035-6.png
GK-SOC-036,Nike Mercurial Vapor 16 TF #91,Nike,Velocidade,Elite,Chuteiras,TF,4500,Navy / Volt,"35, 36, 37, 38, 39, 40, 41, 42, 43, 44, 45, 46",Edição Elite desenhada para tração elite e controlo superior no relvado TF. Tamanhos disponíveis do 35 ao 46.,Mais Vendido,https://goldenkicks.co.mz/assets/PRODUCTS/society/gk-soc-036-1.png,https://goldenkicks.co.mz/assets/PRODUCTS/society/gk-soc-036-2.png,https://goldenkicks.co.mz/assets/PRODUCTS/society/gk-soc-036-3.png,https://goldenkicks.co.mz/assets/PRODUCTS/society/gk-soc-036-4.png,https://goldenkicks.co.mz/assets/PRODUCTS/society/gk-soc-036-5.png,https://goldenkicks.co.mz/assets/PRODUCTS/society/gk-soc-036-6.png
GK-SOC-037,Puma Future Ultimate TF #96,Puma,Agilidade,Elite,Chuteiras,TF,6800,Crimson / Bone,"35, 36, 37, 38, 39, 40, 41, 42, 43, 44, 45, 46",Edição Elite desenhada para tração elite e controlo superior no relvado TF. Tamanhos disponíveis do 35 ao 46.,Stock Verificado,https://goldenkicks.co.mz/assets/PRODUCTS/society/gk-soc-037-1.png,https://goldenkicks.co.mz/assets/PRODUCTS/society/gk-soc-037-2.png,https://goldenkicks.co.mz/assets/PRODUCTS/society/gk-soc-037-3.png,https://goldenkicks.co.mz/assets/PRODUCTS/society/gk-soc-037-4.png,https://goldenkicks.co.mz/assets/PRODUCTS/society/gk-soc-037-5.png,https://goldenkicks.co.mz/assets/PRODUCTS/society/gk-soc-037-6.png
GK-SOC-038,Adidas F50 League TF #97,Adidas,Velocidade,Club,Chuteiras,TF,12500,White / Gold,"35, 36, 37, 38, 39, 40, 41, 42, 43, 44, 45, 46",Edição Club desenhada para tração elite e controlo superior no relvado TF. Tamanhos disponíveis do 35 ao 46.,Stock Verificado,https://goldenkicks.co.mz/assets/PRODUCTS/society/gk-soc-038-1.png,https://goldenkicks.co.mz/assets/PRODUCTS/society/gk-soc-038-2.png,https://goldenkicks.co.mz/assets/PRODUCTS/society/gk-soc-038-3.png,https://goldenkicks.co.mz/assets/PRODUCTS/society/gk-soc-038-4.png,https://goldenkicks.co.mz/assets/PRODUCTS/society/gk-soc-038-5.png,https://goldenkicks.co.mz/assets/PRODUCTS/society/gk-soc-038-6.png
GK-SOC-039,Adidas Predator Elite TF #99,Adidas,Precisão,Elite,Chuteiras,TF,18500,Navy / Volt,"35, 36, 37, 38, 39, 40, 41, 42, 43, 44, 45, 46",Edição Elite desenhada para tração elite e controlo superior no relvado TF. Tamanhos disponíveis do 35 ao 46.,Stock Verificado,https://goldenkicks.co.mz/assets/PRODUCTS/society/gk-soc-039-1.png,https://goldenkicks.co.mz/assets/PRODUCTS/society/gk-soc-039-2.png,https://goldenkicks.co.mz/assets/PRODUCTS/society/gk-soc-039-3.png,https://goldenkicks.co.mz/assets/PRODUCTS/society/gk-soc-039-4.png,https://goldenkicks.co.mz/assets/PRODUCTS/society/gk-soc-039-5.png,https://goldenkicks.co.mz/assets/PRODUCTS/society/gk-soc-039-6.png
GK-SOC-040,Joma Top Flex Rebound TF #102,Joma,Clássico,Academy,Chuteiras,TF,19200,Triple Black,"35, 36, 37, 38, 39, 40, 41, 42, 43, 44, 45, 46",Edição Academy desenhada para tração elite e controlo superior no relvado TF. Tamanhos disponíveis do 35 ao 46.,Stock Verificado,https://goldenkicks.co.mz/assets/PRODUCTS/society/gk-soc-040-1.png,https://goldenkicks.co.mz/assets/PRODUCTS/society/gk-soc-040-2.png,https://goldenkicks.co.mz/assets/PRODUCTS/society/gk-soc-040-3.png,https://goldenkicks.co.mz/assets/PRODUCTS/society/gk-soc-040-4.png,https://goldenkicks.co.mz/assets/PRODUCTS/society/gk-soc-040-5.png,https://goldenkicks.co.mz/assets/PRODUCTS/society/gk-soc-040-6.png
GK-SOC-041,Puma Future Ultimate TF #105,Puma,Agilidade,Elite,Chuteiras,TF,18500,Navy / Volt,"35, 36, 37, 38, 39, 40, 41, 42, 43, 44, 45, 46",Edição Elite desenhada para tração elite e controlo superior no relvado TF. Tamanhos disponíveis do 35 ao 46.,Mais Vendido,https://goldenkicks.co.mz/assets/PRODUCTS/society/gk-soc-041-1.png,https://goldenkicks.co.mz/assets/PRODUCTS/society/gk-soc-041-2.png,https://goldenkicks.co.mz/assets/PRODUCTS/society/gk-soc-041-3.png,https://goldenkicks.co.mz/assets/PRODUCTS/society/gk-soc-041-4.png,https://goldenkicks.co.mz/assets/PRODUCTS/society/gk-soc-041-5.png,https://goldenkicks.co.mz/assets/PRODUCTS/society/gk-soc-041-6.png
GK-SOC-042,New Balance Tekela V4 Pro TF #106,New Balance,Controlo,Pro,Chuteiras,TF,6800,Crimson / Bone,"35, 36, 37, 38, 39, 40, 41, 42, 43, 44, 45, 46",Edição Pro desenhada para tração elite e controlo superior no relvado TF. Tamanhos disponíveis do 35 ao 46.,Stock Verificado,https://goldenkicks.co.mz/assets/PRODUCTS/society/gk-soc-042-1.png,https://goldenkicks.co.mz/assets/PRODUCTS/society/gk-soc-042-2.png,https://goldenkicks.co.mz/assets/PRODUCTS/society/gk-soc-042-3.png,https://goldenkicks.co.mz/assets/PRODUCTS/society/gk-soc-042-4.png,https://goldenkicks.co.mz/assets/PRODUCTS/society/gk-soc-042-5.png,https://goldenkicks.co.mz/assets/PRODUCTS/society/gk-soc-042-6.png
GK-SOC-043,Nike Mercurial Vapor 16 TF #116,Nike,Velocidade,Academy,Chuteiras,TF,4500,Volt / Silver,"35, 36, 37, 38, 39, 40, 41, 42, 43, 44, 45, 46",Edição Academy desenhada para tração elite e controlo superior no relvado TF. Tamanhos disponíveis do 35 ao 46.,Stock Verificado,https://goldenkicks.co.mz/assets/PRODUCTS/society/gk-soc-043-1.png,https://goldenkicks.co.mz/assets/PRODUCTS/society/gk-soc-043-2.png,https://goldenkicks.co.mz/assets/PRODUCTS/society/gk-soc-043-3.png,https://goldenkicks.co.mz/assets/PRODUCTS/society/gk-soc-043-4.png,https://goldenkicks.co.mz/assets/PRODUCTS/society/gk-soc-043-5.png,https://goldenkicks.co.mz/assets/PRODUCTS/society/gk-soc-043-6.png
GK-SOC-044,Adidas Predator Elite TF #117,Adidas,Precisão,Academy,Chuteiras,TF,18500,Crimson / Bone,"35, 36, 37, 38, 39, 40, 41, 42, 43, 44, 45, 46",Edição Academy desenhada para tração elite e controlo superior no relvado TF. Tamanhos disponíveis do 35 ao 46.,Stock Verificado,https://goldenkicks.co.mz/assets/PRODUCTS/society/gk-soc-044-1.png,https://goldenkicks.co.mz/assets/PRODUCTS/society/gk-soc-044-2.png,https://goldenkicks.co.mz/assets/PRODUCTS/society/gk-soc-044-3.png,https://goldenkicks.co.mz/assets/PRODUCTS/society/gk-soc-044-4.png,https://goldenkicks.co.mz/assets/PRODUCTS/society/gk-soc-044-5.png,https://goldenkicks.co.mz/assets/PRODUCTS/society/gk-soc-044-6.png
GK-SOC-045,New Balance Furon V7 Pro TF #119,New Balance,Velocidade,Club,Chuteiras,TF,6800,Crimson / Bone,"35, 36, 37, 38, 39, 40, 41, 42, 43, 44, 45, 46",Edição Club desenhada para tração elite e controlo superior no relvado TF. Tamanhos disponíveis do 35 ao 46.,Mais Vendido,https://goldenkicks.co.mz/assets/PRODUCTS/society/gk-soc-045-1.png,https://goldenkicks.co.mz/assets/PRODUCTS/society/gk-soc-045-2.png,https://goldenkicks.co.mz/assets/PRODUCTS/society/gk-soc-045-3.png,https://goldenkicks.co.mz/assets/PRODUCTS/society/gk-soc-045-4.png,https://goldenkicks.co.mz/assets/PRODUCTS/society/gk-soc-045-5.png,https://goldenkicks.co.mz/assets/PRODUCTS/society/gk-soc-045-6.png
GK-SOC-046,Adidas F50 League TF #122,Adidas,Velocidade,Club,Chuteiras,TF,12500,Volt / Silver,"35, 36, 37, 38, 39, 40, 41, 42, 43, 44, 45, 46",Edição Club desenhada para tração elite e controlo superior no relvado TF. Tamanhos disponíveis do 35 ao 46.,Stock Verificado,https://goldenkicks.co.mz/assets/PRODUCTS/society/gk-soc-046-1.png,https://goldenkicks.co.mz/assets/PRODUCTS/society/gk-soc-046-2.png,https://goldenkicks.co.mz/assets/PRODUCTS/society/gk-soc-046-3.png,https://goldenkicks.co.mz/assets/PRODUCTS/society/gk-soc-046-4.png,https://goldenkicks.co.mz/assets/PRODUCTS/society/gk-soc-046-5.png,https://goldenkicks.co.mz/assets/PRODUCTS/society/gk-soc-046-6.png
GK-SOC-047,Adidas F50 League TF #125,Adidas,Velocidade,Pro,Chuteiras,TF,12500,Crimson / Bone,"35, 36, 37, 38, 39, 40, 41, 42, 43, 44, 45, 46",Edição Pro desenhada para tração elite e controlo superior no relvado TF. Tamanhos disponíveis do 35 ao 46.,Stock Verificado,https://goldenkicks.co.mz/assets/PRODUCTS/society/gk-soc-047-1.png,https://goldenkicks.co.mz/assets/PRODUCTS/society/gk-soc-047-2.png,https://goldenkicks.co.mz/assets/PRODUCTS/society/gk-soc-047-3.png,https://goldenkicks.co.mz/assets/PRODUCTS/society/gk-soc-047-4.png,https://goldenkicks.co.mz/assets/PRODUCTS/society/gk-soc-047-5.png,https://goldenkicks.co.mz/assets/PRODUCTS/society/gk-soc-047-6.png
GK-SOC-048,Adidas F50 League TF #126,Adidas,Velocidade,Pro,Chuteiras,TF,19200,Crimson / Bone,"35, 36, 37, 38, 39, 40, 41, 42, 43, 44, 45, 46",Edição Pro desenhada para tração elite e controlo superior no relvado TF. Tamanhos disponíveis do 35 ao 46.,Mais Vendido,https://goldenkicks.co.mz/assets/PRODUCTS/society/gk-soc-048-1.png,https://goldenkicks.co.mz/assets/PRODUCTS/society/gk-soc-048-2.png,https://goldenkicks.co.mz/assets/PRODUCTS/society/gk-soc-048-3.png,https://goldenkicks.co.mz/assets/PRODUCTS/society/gk-soc-048-4.png,https://goldenkicks.co.mz/assets/PRODUCTS/society/gk-soc-048-5.png,https://goldenkicks.co.mz/assets/PRODUCTS/society/gk-soc-048-6.png
GK-SOC-049,New Balance Tekela V4 Pro TF #133,New Balance,Controlo,Pro,Chuteiras,TF,19200,Navy / Volt,"35, 36, 37, 38, 39, 40, 41, 42, 43, 44, 45, 46",Edição Pro desenhada para tração elite e controlo superior no relvado TF. Tamanhos disponíveis do 35 ao 46.,Mais Vendido,https://goldenkicks.co.mz/assets/PRODUCTS/society/gk-soc-049-1.png,https://goldenkicks.co.mz/assets/PRODUCTS/society/gk-soc-049-2.png,https://goldenkicks.co.mz/assets/PRODUCTS/society/gk-soc-049-3.png,https://goldenkicks.co.mz/assets/PRODUCTS/society/gk-soc-049-4.png,https://goldenkicks.co.mz/assets/PRODUCTS/society/gk-soc-049-5.png,https://goldenkicks.co.mz/assets/PRODUCTS/society/gk-soc-049-6.png
GK-SOC-050,New Balance Furon V7 Pro TF #135,New Balance,Velocidade,Academy,Chuteiras,TF,6800,Triple Black,"35, 36, 37, 38, 39, 40, 41, 42, 43, 44, 45, 46",Edição Academy desenhada para tração elite e controlo superior no relvado TF. Tamanhos disponíveis do 35 ao 46.,Stock Verificado,https://goldenkicks.co.mz/assets/PRODUCTS/society/gk-soc-050-1.png,https://goldenkicks.co.mz/assets/PRODUCTS/society/gk-soc-050-2.png,https://goldenkicks.co.mz/assets/PRODUCTS/society/gk-soc-050-3.png,https://goldenkicks.co.mz/assets/PRODUCTS/society/gk-soc-050-4.png,https://goldenkicks.co.mz/assets/PRODUCTS/society/gk-soc-050-5.png,https://goldenkicks.co.mz/assets/PRODUCTS/society/gk-soc-050-6.png
GK-SOC-051,Joma Top Flex Rebound TF #139,Joma,Clássico,Academy,Chuteiras,TF,12500,Volt / Silver,"35, 36, 37, 38, 39, 40, 41, 42, 43, 44, 45, 46",Edição Academy desenhada para tração elite e controlo superior no relvado TF. Tamanhos disponíveis do 35 ao 46.,Stock Verificado,https://goldenkicks.co.mz/assets/PRODUCTS/society/gk-soc-051-1.png,https://goldenkicks.co.mz/assets/PRODUCTS/society/gk-soc-051-2.png,https://goldenkicks.co.mz/assets/PRODUCTS/society/gk-soc-051-3.png,https://goldenkicks.co.mz/assets/PRODUCTS/society/gk-soc-051-4.png,https://goldenkicks.co.mz/assets/PRODUCTS/society/gk-soc-051-5.png,https://goldenkicks.co.mz/assets/PRODUCTS/society/gk-soc-051-6.png
GK-SOC-052,Mizuno Morelia Neo IV TF #142,Mizuno,Clássico,Academy,Chuteiras,TF,21500,Black / Gold,"35, 36, 37, 38, 39, 40, 41, 42, 43, 44, 45, 46",Edição Academy desenhada para tração elite e controlo superior no relvado TF. Tamanhos disponíveis do 35 ao 46.,Stock Verificado,https://goldenkicks.co.mz/assets/PRODUCTS/society/gk-soc-052-1.png,https://goldenkicks.co.mz/assets/PRODUCTS/society/gk-soc-052-2.png,https://goldenkicks.co.mz/assets/PRODUCTS/society/gk-soc-052-3.png,https://goldenkicks.co.mz/assets/PRODUCTS/society/gk-soc-052-4.png,https://goldenkicks.co.mz/assets/PRODUCTS/society/gk-soc-052-5.png,https://goldenkicks.co.mz/assets/PRODUCTS/society/gk-soc-052-6.png
GK-SOC-053,Adidas F50 League TF #146,Adidas,Velocidade,Pro,Chuteiras,TF,21500,Phantom / Gold,"35, 36, 37, 38, 39, 40, 41, 42, 43, 44, 45, 46",Edição Pro desenhada para tração elite e controlo superior no relvado TF. Tamanhos disponíveis do 35 ao 46.,Stock Verificado,https://goldenkicks.co.mz/assets/PRODUCTS/society/gk-soc-053-1.png,https://goldenkicks.co.mz/assets/PRODUCTS/society/gk-soc-053-2.png,https://goldenkicks.co.mz/assets/PRODUCTS/society/gk-soc-053-3.png,https://goldenkicks.co.mz/assets/PRODUCTS/society/gk-soc-053-4.png,https://goldenkicks.co.mz/assets/PRODUCTS/society/gk-soc-053-5.png,https://goldenkicks.co.mz/assets/PRODUCTS/society/gk-soc-053-6.png
GK-SOC-054,Adidas F50 League TF #151,Adidas,Velocidade,Elite,Chuteiras,TF,19200,Navy / Volt,"35, 36, 37, 38, 39, 40, 41, 42, 43, 44, 45, 46",Edição Elite desenhada para tração elite e controlo superior no relvado TF. Tamanhos disponíveis do 35 ao 46.,Stock Verificado,https://goldenkicks.co.mz/assets/PRODUCTS/society/gk-soc-054-1.png,https://goldenkicks.co.mz/assets/PRODUCTS/society/gk-soc-054-2.png,https://goldenkicks.co.mz/assets/PRODUCTS/society/gk-soc-054-3.png,https://goldenkicks.co.mz/assets/PRODUCTS/society/gk-soc-054-4.png,https://goldenkicks.co.mz/assets/PRODUCTS/society/gk-soc-054-5.png,https://goldenkicks.co.mz/assets/PRODUCTS/society/gk-soc-054-6.png
GK-SOC-055,Puma Ultra Ultimate TF #152,Puma,Velocidade,Pro,Chuteiras,TF,4500,White / Gold,"35, 36, 37, 38, 39, 40, 41, 42, 43, 44, 45, 46",Edição Pro desenhada para tração elite e controlo superior no relvado TF. Tamanhos disponíveis do 35 ao 46.,Stock Verificado,https://goldenkicks.co.mz/assets/PRODUCTS/society/gk-soc-055-1.png,https://goldenkicks.co.mz/assets/PRODUCTS/society/gk-soc-055-2.png,https://goldenkicks.co.mz/assets/PRODUCTS/society/gk-soc-055-3.png,https://goldenkicks.co.mz/assets/PRODUCTS/society/gk-soc-055-4.png,https://goldenkicks.co.mz/assets/PRODUCTS/society/gk-soc-055-5.png,https://goldenkicks.co.mz/assets/PRODUCTS/society/gk-soc-055-6.png
GK-SOC-056,Puma Future Ultimate TF #154,Puma,Agilidade,Club,Chuteiras,TF,8900,Crimson / Bone,"35, 36, 37, 38, 39, 40, 41, 42, 43, 44, 45, 46",Edição Club desenhada para tração elite e controlo superior no relvado TF. Tamanhos disponíveis do 35 ao 46.,Mais Vendido,https://goldenkicks.co.mz/assets/PRODUCTS/society/gk-soc-056-1.png,https://goldenkicks.co.mz/assets/PRODUCTS/society/gk-soc-056-2.png,https://goldenkicks.co.mz/assets/PRODUCTS/society/gk-soc-056-3.png,https://goldenkicks.co.mz/assets/PRODUCTS/society/gk-soc-056-4.png,https://goldenkicks.co.mz/assets/PRODUCTS/society/gk-soc-056-5.png,https://goldenkicks.co.mz/assets/PRODUCTS/society/gk-soc-056-6.png
GK-SOC-057,Joma Top Flex Rebound TF #158,Joma,Clássico,Elite,Chuteiras,TF,6800,Navy / Volt,"35, 36, 37, 38, 39, 40, 41, 42, 43, 44, 45, 46",Edição Elite desenhada para tração elite e controlo superior no relvado TF. Tamanhos disponíveis do 35 ao 46.,Stock Verificado,https://goldenkicks.co.mz/assets/PRODUCTS/society/gk-soc-057-1.png,https://goldenkicks.co.mz/assets/PRODUCTS/society/gk-soc-057-2.png,https://goldenkicks.co.mz/assets/PRODUCTS/society/gk-soc-057-3.png,https://goldenkicks.co.mz/assets/PRODUCTS/society/gk-soc-057-4.png,https://goldenkicks.co.mz/assets/PRODUCTS/society/gk-soc-057-5.png,https://goldenkicks.co.mz/assets/PRODUCTS/society/gk-soc-057-6.png
GK-SOC-058,Joma Top Flex Rebound TF #163,Joma,Clássico,Elite,Chuteiras,TF,8900,Navy / Volt,"35, 36, 37, 38, 39, 40, 41, 42, 43, 44, 45, 46",Edição Elite desenhada para tração elite e controlo superior no relvado TF. Tamanhos disponíveis do 35 ao 46.,Stock Verificado,https://goldenkicks.co.mz/assets/PRODUCTS/society/gk-soc-058-1.png,https://goldenkicks.co.mz/assets/PRODUCTS/society/gk-soc-058-2.png,https://goldenkicks.co.mz/assets/PRODUCTS/society/gk-soc-058-3.png,https://goldenkicks.co.mz/assets/PRODUCTS/society/gk-soc-058-4.png,https://goldenkicks.co.mz/assets/PRODUCTS/society/gk-soc-058-5.png,https://goldenkicks.co.mz/assets/PRODUCTS/society/gk-soc-058-6.png
GK-SOC-059,Adidas Predator Elite TF #164,Adidas,Precisão,Club,Chuteiras,TF,12500,Crimson / Bone,"35, 36, 37, 38, 39, 40, 41, 42, 43, 44, 45, 46",Edição Club desenhada para tração elite e controlo superior no relvado TF. Tamanhos disponíveis do 35 ao 46.,Stock Verificado,https://goldenkicks.co.mz/assets/PRODUCTS/society/gk-soc-059-1.png,https://goldenkicks.co.mz/assets/PRODUCTS/society/gk-soc-059-2.png,https://goldenkicks.co.mz/assets/PRODUCTS/society/gk-soc-059-3.png,https://goldenkicks.co.mz/assets/PRODUCTS/society/gk-soc-059-4.png,https://goldenkicks.co.mz/assets/PRODUCTS/society/gk-soc-059-5.png,https://goldenkicks.co.mz/assets/PRODUCTS/society/gk-soc-059-6.png
GK-SOC-060,Mizuno Morelia Neo IV TF #165,Mizuno,Clássico,Academy,Chuteiras,TF,8900,Black / Gold,"35, 36, 37, 38, 39, 40, 41, 42, 43, 44, 45, 46",Edição Academy desenhada para tração elite e controlo superior no relvado TF. Tamanhos disponíveis do 35 ao 46.,Stock Verificado,https://goldenkicks.co.mz/assets/PRODUCTS/society/gk-soc-060-1.png,https://goldenkicks.co.mz/assets/PRODUCTS/society/gk-soc-060-2.png,https://goldenkicks.co.mz/assets/PRODUCTS/society/gk-soc-060-3.png,https://goldenkicks.co.mz/assets/PRODUCTS/society/gk-soc-060-4.png,https://goldenkicks.co.mz/assets/PRODUCTS/society/gk-soc-060-5.png,https://goldenkicks.co.mz/assets/PRODUCTS/society/gk-soc-060-6.png
GK-SOC-061,Adidas Predator Elite TF #167,Adidas,Precisão,Pro,Chuteiras,TF,21500,Crimson / Bone,"35, 36, 37, 38, 39, 40, 41, 42, 43, 44, 45, 46",Edição Pro desenhada para tração elite e controlo superior no relvado TF. Tamanhos disponíveis do 35 ao 46.,Stock Verificado,https://goldenkicks.co.mz/assets/PRODUCTS/society/gk-soc-061-1.png,https://goldenkicks.co.mz/assets/PRODUCTS/society/gk-soc-061-2.png,https://goldenkicks.co.mz/assets/PRODUCTS/society/gk-soc-061-3.png,https://goldenkicks.co.mz/assets/PRODUCTS/society/gk-soc-061-4.png,https://goldenkicks.co.mz/assets/PRODUCTS/society/gk-soc-061-5.png,https://goldenkicks.co.mz/assets/PRODUCTS/society/gk-soc-061-6.png
GK-SOC-062,New Balance Tekela V4 Pro TF #168,New Balance,Controlo,Club,Chuteiras,TF,6800,Navy / Volt,"35, 36, 37, 38, 39, 40, 41, 42, 43, 44, 45, 46",Edição Club desenhada para tração elite e controlo superior no relvado TF. Tamanhos disponíveis do 35 ao 46.,Mais Vendido,https://goldenkicks.co.mz/assets/PRODUCTS/society/gk-soc-062-1.png,https://goldenkicks.co.mz/assets/PRODUCTS/society/gk-soc-062-2.png,https://goldenkicks.co.mz/assets/PRODUCTS/society/gk-soc-062-3.png,https://goldenkicks.co.mz/assets/PRODUCTS/society/gk-soc-062-4.png,https://goldenkicks.co.mz/assets/PRODUCTS/society/gk-soc-062-5.png,https://goldenkicks.co.mz/assets/PRODUCTS/society/gk-soc-062-6.png
GK-SOC-063,New Balance Tekela V4 Pro TF #176,New Balance,Controlo,Club,Chuteiras,TF,12500,Phantom / Gold,"35, 36, 37, 38, 39, 40, 41, 42, 43, 44, 45, 46",Edição Club desenhada para tração elite e controlo superior no relvado TF. Tamanhos disponíveis do 35 ao 46.,Stock Verificado,https://goldenkicks.co.mz/assets/PRODUCTS/society/gk-soc-063-1.png,https://goldenkicks.co.mz/assets/PRODUCTS/society/gk-soc-063-2.png,https://goldenkicks.co.mz/assets/PRODUCTS/society/gk-soc-063-3.png,https://goldenkicks.co.mz/assets/PRODUCTS/society/gk-soc-063-4.png,https://goldenkicks.co.mz/assets/PRODUCTS/society/gk-soc-063-5.png,https://goldenkicks.co.mz/assets/PRODUCTS/society/gk-soc-063-6.png
GK-SOC-064,Nike Phantom GX 2 TF #179,Nike,Controlo,Club,Chuteiras,TF,4500,Triple Black,"35, 36, 37, 38, 39, 40, 41, 42, 43, 44, 45, 46",Edição Club desenhada para tração elite e controlo superior no relvado TF. Tamanhos disponíveis do 35 ao 46.,Stock Verificado,https://goldenkicks.co.mz/assets/PRODUCTS/society/gk-soc-064-1.png,https://goldenkicks.co.mz/assets/PRODUCTS/society/gk-soc-064-2.png,https://goldenkicks.co.mz/assets/PRODUCTS/society/gk-soc-064-3.png,https://goldenkicks.co.mz/assets/PRODUCTS/society/gk-soc-064-4.png,https://goldenkicks.co.mz/assets/PRODUCTS/society/gk-soc-064-5.png,https://goldenkicks.co.mz/assets/PRODUCTS/society/gk-soc-064-6.png
GK-SOC-065,Nike Phantom GX 2 TF #181,Nike,Controlo,Elite,Chuteiras,TF,4500,Triple Black,"35, 36, 37, 38, 39, 40, 41, 42, 43, 44, 45, 46",Edição Elite desenhada para tração elite e controlo superior no relvado TF. Tamanhos disponíveis do 35 ao 46.,Stock Verificado,https://goldenkicks.co.mz/assets/PRODUCTS/society/gk-soc-065-1.png,https://goldenkicks.co.mz/assets/PRODUCTS/society/gk-soc-065-2.png,https://goldenkicks.co.mz/assets/PRODUCTS/society/gk-soc-065-3.png,https://goldenkicks.co.mz/assets/PRODUCTS/society/gk-soc-065-4.png,https://goldenkicks.co.mz/assets/PRODUCTS/society/gk-soc-065-5.png,https://goldenkicks.co.mz/assets/PRODUCTS/society/gk-soc-065-6.png
GK-SOC-066,Joma Top Flex Rebound TF #187,Joma,Clássico,Club,Chuteiras,TF,21500,Navy / Volt,"35, 36, 37, 38, 39, 40, 41, 42, 43, 44, 45, 46",Edição Club desenhada para tração elite e controlo superior no relvado TF. Tamanhos disponíveis do 35 ao 46.,Stock Verificado,https://goldenkicks.co.mz/assets/PRODUCTS/society/gk-soc-066-1.png,https://goldenkicks.co.mz/assets/PRODUCTS/society/gk-soc-066-2.png,https://goldenkicks.co.mz/assets/PRODUCTS/society/gk-soc-066-3.png,https://goldenkicks.co.mz/assets/PRODUCTS/society/gk-soc-066-4.png,https://goldenkicks.co.mz/assets/PRODUCTS/society/gk-soc-066-5.png,https://goldenkicks.co.mz/assets/PRODUCTS/society/gk-soc-066-6.png
GK-SOC-067,Nike Mercurial Vapor 16 TF #188,Nike,Velocidade,Pro,Chuteiras,TF,21500,White / Gold,"35, 36, 37, 38, 39, 40, 41, 42, 43, 44, 45, 46",Edição Pro desenhada para tração elite e controlo superior no relvado TF. Tamanhos disponíveis do 35 ao 46.,Stock Verificado,https://goldenkicks.co.mz/assets/PRODUCTS/society/gk-soc-067-1.png,https://goldenkicks.co.mz/assets/PRODUCTS/society/gk-soc-067-2.png,https://goldenkicks.co.mz/assets/PRODUCTS/society/gk-soc-067-3.png,https://goldenkicks.co.mz/assets/PRODUCTS/society/gk-soc-067-4.png,https://goldenkicks.co.mz/assets/PRODUCTS/society/gk-soc-067-5.png,https://goldenkicks.co.mz/assets/PRODUCTS/society/gk-soc-067-6.png
GK-SOC-068,Adidas F50 League TF #189,Adidas,Velocidade,Club,Chuteiras,TF,6800,Navy / Volt,"35, 36, 37, 38, 39, 40, 41, 42, 43, 44, 45, 46",Edição Club desenhada para tração elite e controlo superior no relvado TF. Tamanhos disponíveis do 35 ao 46.,Mais Vendido,https://goldenkicks.co.mz/assets/PRODUCTS/society/gk-soc-068-1.png,https://goldenkicks.co.mz/assets/PRODUCTS/society/gk-soc-068-2.png,https://goldenkicks.co.mz/assets/PRODUCTS/society/gk-soc-068-3.png,https://goldenkicks.co.mz/assets/PRODUCTS/society/gk-soc-068-4.png,https://goldenkicks.co.mz/assets/PRODUCTS/society/gk-soc-068-5.png,https://goldenkicks.co.mz/assets/PRODUCTS/society/gk-soc-068-6.png
GK-SOC-069,New Balance Furon V7 Pro TF #192,New Balance,Velocidade,Elite,Chuteiras,TF,4500,Volt / Silver,"35, 36, 37, 38, 39, 40, 41, 42, 43, 44, 45, 46",Edição Elite desenhada para tração elite e controlo superior no relvado TF. Tamanhos disponíveis do 35 ao 46.,Stock Verificado,https://goldenkicks.co.mz/assets/PRODUCTS/society/gk-soc-069-1.png,https://goldenkicks.co.mz/assets/PRODUCTS/society/gk-soc-069-2.png,https://goldenkicks.co.mz/assets/PRODUCTS/society/gk-soc-069-3.png,https://goldenkicks.co.mz/assets/PRODUCTS/society/gk-soc-069-4.png,https://goldenkicks.co.mz/assets/PRODUCTS/society/gk-soc-069-5.png,https://goldenkicks.co.mz/assets/PRODUCTS/society/gk-soc-069-6.png
GK-SOC-070,New Balance Furon V7 Pro TF #194,New Balance,Velocidade,Elite,Chuteiras,TF,8900,Phantom / Gold,"35, 36, 37, 38, 39, 40, 41, 42, 43, 44, 45, 46",Edição Elite desenhada para tração elite e controlo superior no relvado TF. Tamanhos disponíveis do 35 ao 46.,Stock Verificado,https://goldenkicks.co.mz/assets/PRODUCTS/society/gk-soc-070-1.png,https://goldenkicks.co.mz/assets/PRODUCTS/society/gk-soc-070-2.png,https://goldenkicks.co.mz/assets/PRODUCTS/society/gk-soc-070-3.png,https://goldenkicks.co.mz/assets/PRODUCTS/society/gk-soc-070-4.png,https://goldenkicks.co.mz/assets/PRODUCTS/society/gk-soc-070-5.png,https://goldenkicks.co.mz/assets/PRODUCTS/society/gk-soc-070-6.png
GK-SOC-071,New Balance Furon V7 Pro TF #199,New Balance,Velocidade,Pro,Chuteiras,TF,12500,Crimson / Bone,"35, 36, 37, 38, 39, 40, 41, 42, 43, 44, 45, 46",Edição Pro desenhada para tração elite e controlo superior no relvado TF. Tamanhos disponíveis do 35 ao 46.,Stock Verificado,https://goldenkicks.co.mz/assets/PRODUCTS/society/gk-soc-071-1.png,https://goldenkicks.co.mz/assets/PRODUCTS/society/gk-soc-071-2.png,https://goldenkicks.co.mz/assets/PRODUCTS/society/gk-soc-071-3.png,https://goldenkicks.co.mz/assets/PRODUCTS/society/gk-soc-071-4.png,https://goldenkicks.co.mz/assets/PRODUCTS/society/gk-soc-071-5.png,https://goldenkicks.co.mz/assets/PRODUCTS/society/gk-soc-071-6.png
GK-SOC-072,Puma Ultra Ultimate TF #201,Puma,Velocidade,Elite,Chuteiras,TF,18500,Phantom / Gold,"35, 36, 37, 38, 39, 40, 41, 42, 43, 44, 45, 46",Edição Elite desenhada para tração elite e controlo superior no relvado TF. Tamanhos disponíveis do 35 ao 46.,Stock Verificado,https://goldenkicks.co.mz/assets/PRODUCTS/society/gk-soc-072-1.png,https://goldenkicks.co.mz/assets/PRODUCTS/society/gk-soc-072-2.png,https://goldenkicks.co.mz/assets/PRODUCTS/society/gk-soc-072-3.png,https://goldenkicks.co.mz/assets/PRODUCTS/society/gk-soc-072-4.png,https://goldenkicks.co.mz/assets/PRODUCTS/society/gk-soc-072-5.png,https://goldenkicks.co.mz/assets/PRODUCTS/society/gk-soc-072-6.png
GK-SOC-073,Mizuno Morelia Neo IV TF #217,Mizuno,Clássico,Pro,Chuteiras,TF,12500,Triple Black,"35, 36, 37, 38, 39, 40, 41, 42, 43, 44, 45, 46",Edição Pro desenhada para tração elite e controlo superior no relvado TF. Tamanhos disponíveis do 35 ao 46.,Mais Vendido,https://goldenkicks.co.mz/assets/PRODUCTS/society/gk-soc-073-1.png,https://goldenkicks.co.mz/assets/PRODUCTS/society/gk-soc-073-2.png,https://goldenkicks.co.mz/assets/PRODUCTS/society/gk-soc-073-3.png,https://goldenkicks.co.mz/assets/PRODUCTS/society/gk-soc-073-4.png,https://goldenkicks.co.mz/assets/PRODUCTS/society/gk-soc-073-5.png,https://goldenkicks.co.mz/assets/PRODUCTS/society/gk-soc-073-6.png
GK-SOC-074,Adidas Predator Elite TF #218,Adidas,Precisão,Club,Chuteiras,TF,19200,Phantom / Gold,"35, 36, 37, 38, 39, 40, 41, 42, 43, 44, 45, 46",Edição Club desenhada para tração elite e controlo superior no relvado TF. Tamanhos disponíveis do 35 ao 46.,Stock Verificado,https://goldenkicks.co.mz/assets/PRODUCTS/society/gk-soc-074-1.png,https://goldenkicks.co.mz/assets/PRODUCTS/society/gk-soc-074-2.png,https://goldenkicks.co.mz/assets/PRODUCTS/society/gk-soc-074-3.png,https://goldenkicks.co.mz/assets/PRODUCTS/society/gk-soc-074-4.png,https://goldenkicks.co.mz/assets/PRODUCTS/society/gk-soc-074-5.png,https://goldenkicks.co.mz/assets/PRODUCTS/society/gk-soc-074-6.png
GK-SOC-075,Mizuno Morelia Neo IV TF #220,Mizuno,Clássico,Club,Chuteiras,TF,19200,Black / Gold,"35, 36, 37, 38, 39, 40, 41, 42, 43, 44, 45, 46",Edição Club desenhada para tração elite e controlo superior no relvado TF. Tamanhos disponíveis do 35 ao 46.,Edição Especial,https://goldenkicks.co.mz/assets/PRODUCTS/society/gk-soc-075-1.png,https://goldenkicks.co.mz/assets/PRODUCTS/society/gk-soc-075-2.png,https://goldenkicks.co.mz/assets/PRODUCTS/society/gk-soc-075-3.png,https://goldenkicks.co.mz/assets/PRODUCTS/society/gk-soc-075-4.png,https://goldenkicks.co.mz/assets/PRODUCTS/society/gk-soc-075-5.png,https://goldenkicks.co.mz/assets/PRODUCTS/society/gk-soc-075-6.png
GK-SOC-076,New Balance Tekela V4 Pro TF #226,New Balance,Controlo,Pro,Chuteiras,TF,18500,Crimson / Bone,"35, 36, 37, 38, 39, 40, 41, 42, 43, 44, 45, 46",Edição Pro desenhada para tração elite e controlo superior no relvado TF. Tamanhos disponíveis do 35 ao 46.,Stock Verificado,https://goldenkicks.co.mz/assets/PRODUCTS/society/gk-soc-076-1.png,https://goldenkicks.co.mz/assets/PRODUCTS/society/gk-soc-076-2.png,https://goldenkicks.co.mz/assets/PRODUCTS/society/gk-soc-076-3.png,https://goldenkicks.co.mz/assets/PRODUCTS/society/gk-soc-076-4.png,https://goldenkicks.co.mz/assets/PRODUCTS/society/gk-soc-076-5.png,https://goldenkicks.co.mz/assets/PRODUCTS/society/gk-soc-076-6.png
GK-SOC-077,Adidas F50 League TF #228,Adidas,Velocidade,Pro,Chuteiras,TF,8900,Triple Black,"35, 36, 37, 38, 39, 40, 41, 42, 43, 44, 45, 46",Edição Pro desenhada para tração elite e controlo superior no relvado TF. Tamanhos disponíveis do 35 ao 46.,Stock Verificado,https://goldenkicks.co.mz/assets/PRODUCTS/society/gk-soc-077-1.png,https://goldenkicks.co.mz/assets/PRODUCTS/society/gk-soc-077-2.png,https://goldenkicks.co.mz/assets/PRODUCTS/society/gk-soc-077-3.png,https://goldenkicks.co.mz/assets/PRODUCTS/society/gk-soc-077-4.png,https://goldenkicks.co.mz/assets/PRODUCTS/society/gk-soc-077-5.png,https://goldenkicks.co.mz/assets/PRODUCTS/society/gk-soc-077-6.png
GK-SOC-078,Joma Top Flex Rebound TF #231,Joma,Clássico,Pro,Chuteiras,TF,21500,Volt / Silver,"35, 36, 37, 38, 39, 40, 41, 42, 43, 44, 45, 46",Edição Pro desenhada para tração elite e controlo superior no relvado TF. Tamanhos disponíveis do 35 ao 46.,Mais Vendido,https://goldenkicks.co.mz/assets/PRODUCTS/society/gk-soc-078-1.png,https://goldenkicks.co.mz/assets/PRODUCTS/society/gk-soc-078-2.png,https://goldenkicks.co.mz/assets/PRODUCTS/society/gk-soc-078-3.png,https://goldenkicks.co.mz/assets/PRODUCTS/society/gk-soc-078-4.png,https://goldenkicks.co.mz/assets/PRODUCTS/society/gk-soc-078-5.png,https://goldenkicks.co.mz/assets/PRODUCTS/society/gk-soc-078-6.png
GK-SOC-079,Puma Future Ultimate TF #235,Puma,Agilidade,Elite,Chuteiras,TF,18500,Phantom / Gold,"35, 36, 37, 38, 39, 40, 41, 42, 43, 44, 45, 46",Edição Elite desenhada para tração elite e controlo superior no relvado TF. Tamanhos disponíveis do 35 ao 46.,Stock Verificado,https://goldenkicks.co.mz/assets/PRODUCTS/society/gk-soc-079-1.png,https://goldenkicks.co.mz/assets/PRODUCTS/society/gk-soc-079-2.png,https://goldenkicks.co.mz/assets/PRODUCTS/society/gk-soc-079-3.png,https://goldenkicks.co.mz/assets/PRODUCTS/society/gk-soc-079-4.png,https://goldenkicks.co.mz/assets/PRODUCTS/society/gk-soc-079-5.png,https://goldenkicks.co.mz/assets/PRODUCTS/society/gk-soc-079-6.png
GK-SOC-080,Mizuno Morelia Neo IV TF #236,Mizuno,Clássico,Elite,Chuteiras,TF,4500,Phantom / Gold,"35, 36, 37, 38, 39, 40, 41, 42, 43, 44, 45, 46",Edição Elite desenhada para tração elite e controlo superior no relvado TF. Tamanhos disponíveis do 35 ao 46.,Stock Verificado,https://goldenkicks.co.mz/assets/PRODUCTS/society/gk-soc-080-1.png,https://goldenkicks.co.mz/assets/PRODUCTS/society/gk-soc-080-2.png,https://goldenkicks.co.mz/assets/PRODUCTS/society/gk-soc-080-3.png,https://goldenkicks.co.mz/assets/PRODUCTS/society/gk-soc-080-4.png,https://goldenkicks.co.mz/assets/PRODUCTS/society/gk-soc-080-5.png,https://goldenkicks.co.mz/assets/PRODUCTS/society/gk-soc-080-6.png
GK-SOC-081,Nike Phantom GX 2 TF #238,Nike,Controlo,Elite,Chuteiras,TF,8900,Navy / Volt,"35, 36, 37, 38, 39, 40, 41, 42, 43, 44, 45, 46",Edição Elite desenhada para tração elite e controlo superior no relvado TF. Tamanhos disponíveis do 35 ao 46.,Mais Vendido,https://goldenkicks.co.mz/assets/PRODUCTS/society/gk-soc-081-1.png,https://goldenkicks.co.mz/assets/PRODUCTS/society/gk-soc-081-2.png,https://goldenkicks.co.mz/assets/PRODUCTS/society/gk-soc-081-3.png,https://goldenkicks.co.mz/assets/PRODUCTS/society/gk-soc-081-4.png,https://goldenkicks.co.mz/assets/PRODUCTS/society/gk-soc-081-5.png,https://goldenkicks.co.mz/assets/PRODUCTS/society/gk-soc-081-6.png
GK-SOC-082,Mizuno Morelia Neo IV TF #239,Mizuno,Clássico,Elite,Chuteiras,TF,8900,Crimson / Bone,"35, 36, 37, 38, 39, 40, 41, 42, 43, 44, 45, 46",Edição Elite desenhada para tração elite e controlo superior no relvado TF. Tamanhos disponíveis do 35 ao 46.,Stock Verificado,https://goldenkicks.co.mz/assets/PRODUCTS/society/gk-soc-082-1.png,https://goldenkicks.co.mz/assets/PRODUCTS/society/gk-soc-082-2.png,https://goldenkicks.co.mz/assets/PRODUCTS/society/gk-soc-082-3.png,https://goldenkicks.co.mz/assets/PRODUCTS/society/gk-soc-082-4.png,https://goldenkicks.co.mz/assets/PRODUCTS/society/gk-soc-082-5.png,https://goldenkicks.co.mz/assets/PRODUCTS/society/gk-soc-082-6.png
GK-SOC-083,Nike Phantom GX 2 TF #246,Nike,Controlo,Pro,Chuteiras,TF,18500,Volt / Silver,"35, 36, 37, 38, 39, 40, 41, 42, 43, 44, 45, 46",Edição Pro desenhada para tração elite e controlo superior no relvado TF. Tamanhos disponíveis do 35 ao 46.,Stock Verificado,https://goldenkicks.co.mz/assets/PRODUCTS/society/gk-soc-083-1.png,https://goldenkicks.co.mz/assets/PRODUCTS/society/gk-soc-083-2.png,https://goldenkicks.co.mz/assets/PRODUCTS/society/gk-soc-083-3.png,https://goldenkicks.co.mz/assets/PRODUCTS/society/gk-soc-083-4.png,https://goldenkicks.co.mz/assets/PRODUCTS/society/gk-soc-083-5.png,https://goldenkicks.co.mz/assets/PRODUCTS/society/gk-soc-083-6.png
GK-SOC-084,Nike Mercurial Vapor 16 TF #247,Nike,Velocidade,Club,Chuteiras,TF,21500,White / Gold,"35, 36, 37, 38, 39, 40, 41, 42, 43, 44, 45, 46",Edição Club desenhada para tração elite e controlo superior no relvado TF. Tamanhos disponíveis do 35 ao 46.,Stock Verificado,https://goldenkicks.co.mz/assets/PRODUCTS/society/gk-soc-084-1.png,https://goldenkicks.co.mz/assets/PRODUCTS/society/gk-soc-084-2.png,https://goldenkicks.co.mz/assets/PRODUCTS/society/gk-soc-084-3.png,https://goldenkicks.co.mz/assets/PRODUCTS/society/gk-soc-084-4.png,https://goldenkicks.co.mz/assets/PRODUCTS/society/gk-soc-084-5.png,https://goldenkicks.co.mz/assets/PRODUCTS/society/gk-soc-084-6.png
GK-SOC-085,New Balance Tekela V4 Pro TF #250,New Balance,Controlo,Club,Chuteiras,TF,8900,Triple Black,"35, 36, 37, 38, 39, 40, 41, 42, 43, 44, 45, 46",Edição Club desenhada para tração elite e controlo superior no relvado TF. Tamanhos disponíveis do 35 ao 46.,Edição Especial,https://goldenkicks.co.mz/assets/PRODUCTS/society/gk-soc-085-1.png,https://goldenkicks.co.mz/assets/PRODUCTS/society/gk-soc-085-2.png,https://goldenkicks.co.mz/assets/PRODUCTS/society/gk-soc-085-3.png,https://goldenkicks.co.mz/assets/PRODUCTS/society/gk-soc-085-4.png,https://goldenkicks.co.mz/assets/PRODUCTS/society/gk-soc-085-5.png,https://goldenkicks.co.mz/assets/PRODUCTS/society/gk-soc-085-6.png
GK-SOC-086,New Balance Tekela V4 Pro TF #252,New Balance,Controlo,Elite,Chuteiras,TF,6800,Volt / Silver,"35, 36, 37, 38, 39, 40, 41, 42, 43, 44, 45, 46",Edição Elite desenhada para tração elite e controlo superior no relvado TF. Tamanhos disponíveis do 35 ao 46.,Mais Vendido,https://goldenkicks.co.mz/assets/PRODUCTS/society/gk-soc-086-1.png,https://goldenkicks.co.mz/assets/PRODUCTS/society/gk-soc-086-2.png,https://goldenkicks.co.mz/assets/PRODUCTS/society/gk-soc-086-3.png,https://goldenkicks.co.mz/assets/PRODUCTS/society/gk-soc-086-4.png,https://goldenkicks.co.mz/assets/PRODUCTS/society/gk-soc-086-5.png,https://goldenkicks.co.mz/assets/PRODUCTS/society/gk-soc-086-6.png
GK-SOC-087,Nike Phantom GX 2 TF #257,Nike,Controlo,Pro,Chuteiras,TF,4500,Phantom / Gold,"35, 36, 37, 38, 39, 40, 41, 42, 43, 44, 45, 46",Edição Pro desenhada para tração elite e controlo superior no relvado TF. Tamanhos disponíveis do 35 ao 46.,Stock Verificado,https://goldenkicks.co.mz/assets/PRODUCTS/society/gk-soc-087-1.png,https://goldenkicks.co.mz/assets/PRODUCTS/society/gk-soc-087-2.png,https://goldenkicks.co.mz/assets/PRODUCTS/society/gk-soc-087-3.png,https://goldenkicks.co.mz/assets/PRODUCTS/society/gk-soc-087-4.png,https://goldenkicks.co.mz/assets/PRODUCTS/society/gk-soc-087-5.png,https://goldenkicks.co.mz/assets/PRODUCTS/society/gk-soc-087-6.png
GK-SOC-088,Adidas F50 League TF #259,Adidas,Velocidade,Pro,Chuteiras,TF,12500,Black / Gold,"35, 36, 37, 38, 39, 40, 41, 42, 43, 44, 45, 46",Edição Pro desenhada para tração elite e controlo superior no relvado TF. Tamanhos disponíveis do 35 ao 46.,Mais Vendido,https://goldenkicks.co.mz/assets/PRODUCTS/society/gk-soc-088-1.png,https://goldenkicks.co.mz/assets/PRODUCTS/society/gk-soc-088-2.png,https://goldenkicks.co.mz/assets/PRODUCTS/society/gk-soc-088-3.png,https://goldenkicks.co.mz/assets/PRODUCTS/society/gk-soc-088-4.png,https://goldenkicks.co.mz/assets/PRODUCTS/society/gk-soc-088-5.png,https://goldenkicks.co.mz/assets/PRODUCTS/society/gk-soc-088-6.png
GK-SOC-089,Adidas Predator Elite TF #260,Adidas,Precisão,Club,Chuteiras,TF,8900,Triple Black,"35, 36, 37, 38, 39, 40, 41, 42, 43, 44, 45, 46",Edição Club desenhada para tração elite e controlo superior no relvado TF. Tamanhos disponíveis do 35 ao 46.,Edição Especial,https://goldenkicks.co.mz/assets/PRODUCTS/society/gk-soc-089-1.png,https://goldenkicks.co.mz/assets/PRODUCTS/society/gk-soc-089-2.png,https://goldenkicks.co.mz/assets/PRODUCTS/society/gk-soc-089-3.png,https://goldenkicks.co.mz/assets/PRODUCTS/society/gk-soc-089-4.png,https://goldenkicks.co.mz/assets/PRODUCTS/society/gk-soc-089-5.png,https://goldenkicks.co.mz/assets/PRODUCTS/society/gk-soc-089-6.png
GK-SOC-090,New Balance Tekela V4 Pro TF #261,New Balance,Controlo,Academy,Chuteiras,TF,15800,Triple Black,"35, 36, 37, 38, 39, 40, 41, 42, 43, 44, 45, 46",Edição Academy desenhada para tração elite e controlo superior no relvado TF. Tamanhos disponíveis do 35 ao 46.,Stock Verificado,https://goldenkicks.co.mz/assets/PRODUCTS/society/gk-soc-090-1.png,https://goldenkicks.co.mz/assets/PRODUCTS/society/gk-soc-090-2.png,https://goldenkicks.co.mz/assets/PRODUCTS/society/gk-soc-090-3.png,https://goldenkicks.co.mz/assets/PRODUCTS/society/gk-soc-090-4.png,https://goldenkicks.co.mz/assets/PRODUCTS/society/gk-soc-090-5.png,https://goldenkicks.co.mz/assets/PRODUCTS/society/gk-soc-090-6.png
GK-SOC-091,Adidas F50 League TF #262,Adidas,Velocidade,Pro,Chuteiras,TF,21500,Black / Gold,"35, 36, 37, 38, 39, 40, 41, 42, 43, 44, 45, 46",Edição Pro desenhada para tração elite e controlo superior no relvado TF. Tamanhos disponíveis do 35 ao 46.,Stock Verificado,https://goldenkicks.co.mz/assets/PRODUCTS/society/gk-soc-091-1.png,https://goldenkicks.co.mz/assets/PRODUCTS/society/gk-soc-091-2.png,https://goldenkicks.co.mz/assets/PRODUCTS/society/gk-soc-091-3.png,https://goldenkicks.co.mz/assets/PRODUCTS/society/gk-soc-091-4.png,https://goldenkicks.co.mz/assets/PRODUCTS/society/gk-soc-091-5.png,https://goldenkicks.co.mz/assets/PRODUCTS/society/gk-soc-091-6.png
GK-SOC-092,New Balance Tekela V4 Pro TF #263,New Balance,Controlo,Elite,Chuteiras,TF,8900,Navy / Volt,"35, 36, 37, 38, 39, 40, 41, 42, 43, 44, 45, 46",Edição Elite desenhada para tração elite e controlo superior no relvado TF. Tamanhos disponíveis do 35 ao 46.,Stock Verificado,https://goldenkicks.co.mz/assets/PRODUCTS/society/gk-soc-092-1.png,https://goldenkicks.co.mz/assets/PRODUCTS/society/gk-soc-092-2.png,https://goldenkicks.co.mz/assets/PRODUCTS/society/gk-soc-092-3.png,https://goldenkicks.co.mz/assets/PRODUCTS/society/gk-soc-092-4.png,https://goldenkicks.co.mz/assets/PRODUCTS/society/gk-soc-092-5.png,https://goldenkicks.co.mz/assets/PRODUCTS/society/gk-soc-092-6.png
GK-SOC-093,Puma Ultra Ultimate TF #265,Puma,Velocidade,Club,Chuteiras,TF,19200,Navy / Volt,"35, 36, 37, 38, 39, 40, 41, 42, 43, 44, 45, 46",Edição Club desenhada para tração elite e controlo superior no relvado TF. Tamanhos disponíveis do 35 ao 46.,Stock Verificado,https://goldenkicks.co.mz/assets/PRODUCTS/society/gk-soc-093-1.png,https://goldenkicks.co.mz/assets/PRODUCTS/society/gk-soc-093-2.png,https://goldenkicks.co.mz/assets/PRODUCTS/society/gk-soc-093-3.png,https://goldenkicks.co.mz/assets/PRODUCTS/society/gk-soc-093-4.png,https://goldenkicks.co.mz/assets/PRODUCTS/society/gk-soc-093-5.png,https://goldenkicks.co.mz/assets/PRODUCTS/society/gk-soc-093-6.png
GK-SOC-094,Puma Future Ultimate TF #278,Puma,Agilidade,Elite,Chuteiras,TF,21500,Phantom / Gold,"35, 36, 37, 38, 39, 40, 41, 42, 43, 44, 45, 46",Edição Elite desenhada para tração elite e controlo superior no relvado TF. Tamanhos disponíveis do 35 ao 46.,Stock Verificado,https://goldenkicks.co.mz/assets/PRODUCTS/society/gk-soc-094-1.png,https://goldenkicks.co.mz/assets/PRODUCTS/society/gk-soc-094-2.png,https://goldenkicks.co.mz/assets/PRODUCTS/society/gk-soc-094-3.png,https://goldenkicks.co.mz/assets/PRODUCTS/society/gk-soc-094-4.png,https://goldenkicks.co.mz/assets/PRODUCTS/society/gk-soc-094-5.png,https://goldenkicks.co.mz/assets/PRODUCTS/society/gk-soc-094-6.png
GK-SOC-095,Adidas Predator Elite TF #290,Adidas,Precisão,Academy,Chuteiras,TF,15800,Volt / Silver,"35, 36, 37, 38, 39, 40, 41, 42, 43, 44, 45, 46",Edição Academy desenhada para tração elite e controlo superior no relvado TF. Tamanhos disponíveis do 35 ao 46.,Edição Especial,https://goldenkicks.co.mz/assets/PRODUCTS/society/gk-soc-095-1.png,https://goldenkicks.co.mz/assets/PRODUCTS/society/gk-soc-095-2.png,https://goldenkicks.co.mz/assets/PRODUCTS/society/gk-soc-095-3.png,https://goldenkicks.co.mz/assets/PRODUCTS/society/gk-soc-095-4.png,https://goldenkicks.co.mz/assets/PRODUCTS/society/gk-soc-095-5.png,https://goldenkicks.co.mz/assets/PRODUCTS/society/gk-soc-095-6.png
GK-SOC-096,Nike Mercurial Vapor 16 TF #291,Nike,Velocidade,Club,Chuteiras,TF,6800,Phantom / Gold,"35, 36, 37, 38, 39, 40, 41, 42, 43, 44, 45, 46",Edição Club desenhada para tração elite e controlo superior no relvado TF. Tamanhos disponíveis do 35 ao 46.,Stock Verificado,https://goldenkicks.co.mz/assets/PRODUCTS/society/gk-soc-096-1.png,https://goldenkicks.co.mz/assets/PRODUCTS/society/gk-soc-096-2.png,https://goldenkicks.co.mz/assets/PRODUCTS/society/gk-soc-096-3.png,https://goldenkicks.co.mz/assets/PRODUCTS/society/gk-soc-096-4.png,https://goldenkicks.co.mz/assets/PRODUCTS/society/gk-soc-096-5.png,https://goldenkicks.co.mz/assets/PRODUCTS/society/gk-soc-096-6.png
GK-SOC-097,Nike Phantom GX 2 TF #294,Nike,Controlo,Academy,Chuteiras,TF,21500,Black / Gold,"35, 36, 37, 38, 39, 40, 41, 42, 43, 44, 45, 46",Edição Academy desenhada para tração elite e controlo superior no relvado TF. Tamanhos disponíveis do 35 ao 46.,Mais Vendido,https://goldenkicks.co.mz/assets/PRODUCTS/society/gk-soc-097-1.png,https://goldenkicks.co.mz/assets/PRODUCTS/society/gk-soc-097-2.png,https://goldenkicks.co.mz/assets/PRODUCTS/society/gk-soc-097-3.png,https://goldenkicks.co.mz/assets/PRODUCTS/society/gk-soc-097-4.png,https://goldenkicks.co.mz/assets/PRODUCTS/society/gk-soc-097-5.png,https://goldenkicks.co.mz/assets/PRODUCTS/society/gk-soc-097-6.png
GK-SOC-098,Adidas Predator Elite TF #295,Adidas,Precisão,Elite,Chuteiras,TF,19200,Phantom / Gold,"35, 36, 37, 38, 39, 40, 41, 42, 43, 44, 45, 46",Edição Elite desenhada para tração elite e controlo superior no relvado TF. Tamanhos disponíveis do 35 ao 46.,Stock Verificado,https://goldenkicks.co.mz/assets/PRODUCTS/society/gk-soc-098-1.png,https://goldenkicks.co.mz/assets/PRODUCTS/society/gk-soc-098-2.png,https://goldenkicks.co.mz/assets/PRODUCTS/society/gk-soc-098-3.png,https://goldenkicks.co.mz/assets/PRODUCTS/society/gk-soc-098-4.png,https://goldenkicks.co.mz/assets/PRODUCTS/society/gk-soc-098-5.png,https://goldenkicks.co.mz/assets/PRODUCTS/society/gk-soc-098-6.png
GK-SOC-099,Mizuno Morelia Neo IV TF #299,Mizuno,Clássico,Club,Chuteiras,TF,12500,Navy / Volt,"35, 36, 37, 38, 39, 40, 41, 42, 43, 44, 45, 46",Edição Club desenhada para tração elite e controlo superior no relvado TF. Tamanhos disponíveis do 35 ao 46.,Stock Verificado,https://goldenkicks.co.mz/assets/PRODUCTS/society/gk-soc-099-1.png,https://goldenkicks.co.mz/assets/PRODUCTS/society/gk-soc-099-2.png,https://goldenkicks.co.mz/assets/PRODUCTS/society/gk-soc-099-3.png,https://goldenkicks.co.mz/assets/PRODUCTS/society/gk-soc-099-4.png,https://goldenkicks.co.mz/assets/PRODUCTS/society/gk-soc-099-5.png,https://goldenkicks.co.mz/assets/PRODUCTS/society/gk-soc-099-6.png
GK-SOC-100,New Balance Furon V7 Pro TF #303,New Balance,Velocidade,Academy,Chuteiras,TF,15800,Navy / Volt,"35, 36, 37, 38, 39, 40, 41, 42, 43, 44, 45, 46",Edição Academy desenhada para tração elite e controlo superior no relvado TF. Tamanhos disponíveis do 35 ao 46.,Stock Verificado,https://goldenkicks.co.mz/assets/PRODUCTS/society/gk-soc-100-1.png,https://goldenkicks.co.mz/assets/PRODUCTS/society/gk-soc-100-2.png,https://goldenkicks.co.mz/assets/PRODUCTS/society/gk-soc-100-3.png,https://goldenkicks.co.mz/assets/PRODUCTS/society/gk-soc-100-4.png,https://goldenkicks.co.mz/assets/PRODUCTS/society/gk-soc-100-5.png,https://goldenkicks.co.mz/assets/PRODUCTS/society/gk-soc-100-6.png
GK-SOC-101,Puma Future Ultimate TF #311,Puma,Agilidade,Academy,Chuteiras,TF,8900,White / Gold,"35, 36, 37, 38, 39, 40, 41, 42, 43, 44, 45, 46",Edição Academy desenhada para tração elite e controlo superior no relvado TF. Tamanhos disponíveis do 35 ao 46.,Stock Verificado,https://goldenkicks.co.mz/assets/PRODUCTS/society/gk-soc-101-1.png,https://goldenkicks.co.mz/assets/PRODUCTS/society/gk-soc-101-2.png,https://goldenkicks.co.mz/assets/PRODUCTS/society/gk-soc-101-3.png,https://goldenkicks.co.mz/assets/PRODUCTS/society/gk-soc-101-4.png,https://goldenkicks.co.mz/assets/PRODUCTS/society/gk-soc-101-5.png,https://goldenkicks.co.mz/assets/PRODUCTS/society/gk-soc-101-6.png
GK-SOC-102,Puma Ultra Ultimate TF #314,Puma,Velocidade,Club,Chuteiras,TF,8900,Black / Gold,"35, 36, 37, 38, 39, 40, 41, 42, 43, 44, 45, 46",Edição Club desenhada para tração elite e controlo superior no relvado TF. Tamanhos disponíveis do 35 ao 46.,Stock Verificado,https://goldenkicks.co.mz/assets/PRODUCTS/society/gk-soc-102-1.png,https://goldenkicks.co.mz/assets/PRODUCTS/society/gk-soc-102-2.png,https://goldenkicks.co.mz/assets/PRODUCTS/society/gk-soc-102-3.png,https://goldenkicks.co.mz/assets/PRODUCTS/society/gk-soc-102-4.png,https://goldenkicks.co.mz/assets/PRODUCTS/society/gk-soc-102-5.png,https://goldenkicks.co.mz/assets/PRODUCTS/society/gk-soc-102-6.png
GK-SOC-103,Joma Top Flex Rebound TF #319,Joma,Clássico,Elite,Chuteiras,TF,6800,Navy / Volt,"35, 36, 37, 38, 39, 40, 41, 42, 43, 44, 45, 46",Edição Elite desenhada para tração elite e controlo superior no relvado TF. Tamanhos disponíveis do 35 ao 46.,Stock Verificado,https://goldenkicks.co.mz/assets/PRODUCTS/society/gk-soc-103-1.png,https://goldenkicks.co.mz/assets/PRODUCTS/society/gk-soc-103-2.png,https://goldenkicks.co.mz/assets/PRODUCTS/society/gk-soc-103-3.png,https://goldenkicks.co.mz/assets/PRODUCTS/society/gk-soc-103-4.png,https://goldenkicks.co.mz/assets/PRODUCTS/society/gk-soc-103-5.png,https://goldenkicks.co.mz/assets/PRODUCTS/society/gk-soc-103-6.png
GK-SOC-104,Adidas F50 League TF #321,Adidas,Velocidade,Academy,Chuteiras,TF,18500,Triple Black,"35, 36, 37, 38, 39, 40, 41, 42, 43, 44, 45, 46",Edição Academy desenhada para tração elite e controlo superior no relvado TF. Tamanhos disponíveis do 35 ao 46.,Stock Verificado,https://goldenkicks.co.mz/assets/PRODUCTS/society/gk-soc-104-1.png,https://goldenkicks.co.mz/assets/PRODUCTS/society/gk-soc-104-2.png,https://goldenkicks.co.mz/assets/PRODUCTS/society/gk-soc-104-3.png,https://goldenkicks.co.mz/assets/PRODUCTS/society/gk-soc-104-4.png,https://goldenkicks.co.mz/assets/PRODUCTS/society/gk-soc-104-5.png,https://goldenkicks.co.mz/assets/PRODUCTS/society/gk-soc-104-6.png
GK-SOC-105,Nike Mercurial Vapor 16 TF #327,Nike,Velocidade,Elite,Chuteiras,TF,12500,Crimson / Bone,"35, 36, 37, 38, 39, 40, 41, 42, 43, 44, 45, 46",Edição Elite desenhada para tração elite e controlo superior no relvado TF. Tamanhos disponíveis do 35 ao 46.,Stock Verificado,https://goldenkicks.co.mz/assets/PRODUCTS/society/gk-soc-105-1.png,https://goldenkicks.co.mz/assets/PRODUCTS/society/gk-soc-105-2.png,https://goldenkicks.co.mz/assets/PRODUCTS/society/gk-soc-105-3.png,https://goldenkicks.co.mz/assets/PRODUCTS/society/gk-soc-105-4.png,https://goldenkicks.co.mz/assets/PRODUCTS/society/gk-soc-105-5.png,https://goldenkicks.co.mz/assets/PRODUCTS/society/gk-soc-105-6.png
GK-SOC-106,Puma Future Ultimate TF #332,Puma,Agilidade,Pro,Chuteiras,TF,6800,White / Gold,"35, 36, 37, 38, 39, 40, 41, 42, 43, 44, 45, 46",Edição Pro desenhada para tração elite e controlo superior no relvado TF. Tamanhos disponíveis do 35 ao 46.,Stock Verificado,https://goldenkicks.co.mz/assets/PRODUCTS/society/gk-soc-106-1.png,https://goldenkicks.co.mz/assets/PRODUCTS/society/gk-soc-106-2.png,https://goldenkicks.co.mz/assets/PRODUCTS/society/gk-soc-106-3.png,https://goldenkicks.co.mz/assets/PRODUCTS/society/gk-soc-106-4.png,https://goldenkicks.co.mz/assets/PRODUCTS/society/gk-soc-106-5.png,https://goldenkicks.co.mz/assets/PRODUCTS/society/gk-soc-106-6.png
GK-SOC-107,Puma Ultra Ultimate TF #340,Puma,Velocidade,Pro,Chuteiras,TF,8900,Triple Black,"35, 36, 37, 38, 39, 40, 41, 42, 43, 44, 45, 46",Edição Pro desenhada para tração elite e controlo superior no relvado TF. Tamanhos disponíveis do 35 ao 46.,Edição Especial,https://goldenkicks.co.mz/assets/PRODUCTS/society/gk-soc-107-1.png,https://goldenkicks.co.mz/assets/PRODUCTS/society/gk-soc-107-2.png,https://goldenkicks.co.mz/assets/PRODUCTS/society/gk-soc-107-3.png,https://goldenkicks.co.mz/assets/PRODUCTS/society/gk-soc-107-4.png,https://goldenkicks.co.mz/assets/PRODUCTS/society/gk-soc-107-5.png,https://goldenkicks.co.mz/assets/PRODUCTS/society/gk-soc-107-6.png
GK-SOC-108,Puma Ultra Ultimate TF #342,Puma,Velocidade,Elite,Chuteiras,TF,8900,Navy / Volt,"35, 36, 37, 38, 39, 40, 41, 42, 43, 44, 45, 46",Edição Elite desenhada para tração elite e controlo superior no relvado TF. Tamanhos disponíveis do 35 ao 46.,Stock Verificado,https://goldenkicks.co.mz/assets/PRODUCTS/society/gk-soc-108-1.png,https://goldenkicks.co.mz/assets/PRODUCTS/society/gk-soc-108-2.png,https://goldenkicks.co.mz/assets/PRODUCTS/society/gk-soc-108-3.png,https://goldenkicks.co.mz/assets/PRODUCTS/society/gk-soc-108-4.png,https://goldenkicks.co.mz/assets/PRODUCTS/society/gk-soc-108-5.png,https://goldenkicks.co.mz/assets/PRODUCTS/society/gk-soc-108-6.png
GK-SOC-109,New Balance Furon V7 Pro TF #344,New Balance,Velocidade,Club,Chuteiras,TF,18500,Triple Black,"35, 36, 37, 38, 39, 40, 41, 42, 43, 44, 45, 46",Edição Club desenhada para tração elite e controlo superior no relvado TF. Tamanhos disponíveis do 35 ao 46.,Stock Verificado,https://goldenkicks.co.mz/assets/PRODUCTS/society/gk-soc-109-1.png,https://goldenkicks.co.mz/assets/PRODUCTS/society/gk-soc-109-2.png,https://goldenkicks.co.mz/assets/PRODUCTS/society/gk-soc-109-3.png,https://goldenkicks.co.mz/assets/PRODUCTS/society/gk-soc-109-4.png,https://goldenkicks.co.mz/assets/PRODUCTS/society/gk-soc-109-5.png,https://goldenkicks.co.mz/assets/PRODUCTS/society/gk-soc-109-6.png
GK-SOC-110,Joma Top Flex Rebound TF #345,Joma,Clássico,Pro,Chuteiras,TF,18500,Phantom / Gold,"35, 36, 37, 38, 39, 40, 41, 42, 43, 44, 45, 46",Edição Pro desenhada para tração elite e controlo superior no relvado TF. Tamanhos disponíveis do 35 ao 46.,Stock Verificado,https://goldenkicks.co.mz/assets/PRODUCTS/society/gk-soc-110-1.png,https://goldenkicks.co.mz/assets/PRODUCTS/society/gk-soc-110-2.png,https://goldenkicks.co.mz/assets/PRODUCTS/society/gk-soc-110-3.png,https://goldenkicks.co.mz/assets/PRODUCTS/society/gk-soc-110-4.png,https://goldenkicks.co.mz/assets/PRODUCTS/society/gk-soc-110-5.png,https://goldenkicks.co.mz/assets/PRODUCTS/society/gk-soc-110-6.png
GK-SOC-111,Puma Future Ultimate TF #346,Puma,Agilidade,Academy,Chuteiras,TF,19200,Volt / Silver,"35, 36, 37, 38, 39, 40, 41, 42, 43, 44, 45, 46",Edição Academy desenhada para tração elite e controlo superior no relvado TF. Tamanhos disponíveis do 35 ao 46.,Stock Verificado,https://goldenkicks.co.mz/assets/PRODUCTS/society/gk-soc-111-1.png,https://goldenkicks.co.mz/assets/PRODUCTS/society/gk-soc-111-2.png,https://goldenkicks.co.mz/assets/PRODUCTS/society/gk-soc-111-3.png,https://goldenkicks.co.mz/assets/PRODUCTS/society/gk-soc-111-4.png,https://goldenkicks.co.mz/assets/PRODUCTS/society/gk-soc-111-5.png,https://goldenkicks.co.mz/assets/PRODUCTS/society/gk-soc-111-6.png
GK-SOC-112,Puma Future Ultimate TF #348,Puma,Agilidade,Elite,Chuteiras,TF,4500,Navy / Volt,"35, 36, 37, 38, 39, 40, 41, 42, 43, 44, 45, 46",Edição Elite desenhada para tração elite e controlo superior no relvado TF. Tamanhos disponíveis do 35 ao 46.,Stock Verificado,https://goldenkicks.co.mz/assets/PRODUCTS/society/gk-soc-112-1.png,https://goldenkicks.co.mz/assets/PRODUCTS/society/gk-soc-112-2.png,https://goldenkicks.co.mz/assets/PRODUCTS/society/gk-soc-112-3.png,https://goldenkicks.co.mz/assets/PRODUCTS/society/gk-soc-112-4.png,https://goldenkicks.co.mz/assets/PRODUCTS/society/gk-soc-112-5.png,https://goldenkicks.co.mz/assets/PRODUCTS/society/gk-soc-112-6.png
GK-SOC-113,New Balance Tekela V4 Pro TF #350,New Balance,Controlo,Elite,Chuteiras,TF,6800,Navy / Volt,"35, 36, 37, 38, 39, 40, 41, 42, 43, 44, 45, 46",Edição Elite desenhada para tração elite e controlo superior no relvado TF. Tamanhos disponíveis do 35 ao 46.,Edição Especial,https://goldenkicks.co.mz/assets/PRODUCTS/society/gk-soc-113-1.png,https://goldenkicks.co.mz/assets/PRODUCTS/society/gk-soc-113-2.png,https://goldenkicks.co.mz/assets/PRODUCTS/society/gk-soc-113-3.png,https://goldenkicks.co.mz/assets/PRODUCTS/society/gk-soc-113-4.png,https://goldenkicks.co.mz/assets/PRODUCTS/society/gk-soc-113-5.png,https://goldenkicks.co.mz/assets/PRODUCTS/society/gk-soc-113-6.png
GK-SOC-114,Puma Ultra Ultimate TF #351,Puma,Velocidade,Academy,Chuteiras,TF,8900,Phantom / Gold,"35, 36, 37, 38, 39, 40, 41, 42, 43, 44, 45, 46",Edição Academy desenhada para tração elite e controlo superior no relvado TF. Tamanhos disponíveis do 35 ao 46.,Stock Verificado,https://goldenkicks.co.mz/assets/PRODUCTS/society/gk-soc-114-1.png,https://goldenkicks.co.mz/assets/PRODUCTS/society/gk-soc-114-2.png,https://goldenkicks.co.mz/assets/PRODUCTS/society/gk-soc-114-3.png,https://goldenkicks.co.mz/assets/PRODUCTS/society/gk-soc-114-4.png,https://goldenkicks.co.mz/assets/PRODUCTS/society/gk-soc-114-5.png,https://goldenkicks.co.mz/assets/PRODUCTS/society/gk-soc-114-6.png
GK-SOC-115,New Balance Furon V7 Pro TF #354,New Balance,Velocidade,Academy,Chuteiras,TF,21500,Navy / Volt,"35, 36, 37, 38, 39, 40, 41, 42, 43, 44, 45, 46",Edição Academy desenhada para tração elite e controlo superior no relvado TF. Tamanhos disponíveis do 35 ao 46.,Stock Verificado,https://goldenkicks.co.mz/assets/PRODUCTS/society/gk-soc-115-1.png,https://goldenkicks.co.mz/assets/PRODUCTS/society/gk-soc-115-2.png,https://goldenkicks.co.mz/assets/PRODUCTS/society/gk-soc-115-3.png,https://goldenkicks.co.mz/assets/PRODUCTS/society/gk-soc-115-4.png,https://goldenkicks.co.mz/assets/PRODUCTS/society/gk-soc-115-5.png,https://goldenkicks.co.mz/assets/PRODUCTS/society/gk-soc-115-6.png
GK-SOC-116,Nike Mercurial Vapor 16 TF #355,Nike,Velocidade,Club,Chuteiras,TF,21500,White / Gold,"35, 36, 37, 38, 39, 40, 41, 42, 43, 44, 45, 46",Edição Club desenhada para tração elite e controlo superior no relvado TF. Tamanhos disponíveis do 35 ao 46.,Stock Verificado,https://goldenkicks.co.mz/assets/PRODUCTS/society/gk-soc-116-1.png,https://goldenkicks.co.mz/assets/PRODUCTS/society/gk-soc-116-2.png,https://goldenkicks.co.mz/assets/PRODUCTS/society/gk-soc-116-3.png,https://goldenkicks.co.mz/assets/PRODUCTS/society/gk-soc-116-4.png,https://goldenkicks.co.mz/assets/PRODUCTS/society/gk-soc-116-5.png,https://goldenkicks.co.mz/assets/PRODUCTS/society/gk-soc-116-6.png
GK-SOC-117,Mizuno Morelia Neo IV TF #357,Mizuno,Clássico,Pro,Chuteiras,TF,15800,White / Gold,"35, 36, 37, 38, 39, 40, 41, 42, 43, 44, 45, 46",Edição Pro desenhada para tração elite e controlo superior no relvado TF. Tamanhos disponíveis do 35 ao 46.,Mais Vendido,https://goldenkicks.co.mz/assets/PRODUCTS/society/gk-soc-117-1.png,https://goldenkicks.co.mz/assets/PRODUCTS/society/gk-soc-117-2.png,https://goldenkicks.co.mz/assets/PRODUCTS/society/gk-soc-117-3.png,https://goldenkicks.co.mz/assets/PRODUCTS/society/gk-soc-117-4.png,https://goldenkicks.co.mz/assets/PRODUCTS/society/gk-soc-117-5.png,https://goldenkicks.co.mz/assets/PRODUCTS/society/gk-soc-117-6.png
GK-SOC-118,Adidas Predator Elite TF #364,Adidas,Precisão,Club,Chuteiras,TF,6800,Crimson / Bone,"35, 36, 37, 38, 39, 40, 41, 42, 43, 44, 45, 46",Edição Club desenhada para tração elite e controlo superior no relvado TF. Tamanhos disponíveis do 35 ao 46.,Mais Vendido,https://goldenkicks.co.mz/assets/PRODUCTS/society/gk-soc-118-1.png,https://goldenkicks.co.mz/assets/PRODUCTS/society/gk-soc-118-2.png,https://goldenkicks.co.mz/assets/PRODUCTS/society/gk-soc-118-3.png,https://goldenkicks.co.mz/assets/PRODUCTS/society/gk-soc-118-4.png,https://goldenkicks.co.mz/assets/PRODUCTS/society/gk-soc-118-5.png,https://goldenkicks.co.mz/assets/PRODUCTS/society/gk-soc-118-6.png
GK-SOC-119,Puma Future Ultimate TF #366,Puma,Agilidade,Pro,Chuteiras,TF,4500,Triple Black,"35, 36, 37, 38, 39, 40, 41, 42, 43, 44, 45, 46",Edição Pro desenhada para tração elite e controlo superior no relvado TF. Tamanhos disponíveis do 35 ao 46.,Stock Verificado,https://goldenkicks.co.mz/assets/PRODUCTS/society/gk-soc-119-1.png,https://goldenkicks.co.mz/assets/PRODUCTS/society/gk-soc-119-2.png,https://goldenkicks.co.mz/assets/PRODUCTS/society/gk-soc-119-3.png,https://goldenkicks.co.mz/assets/PRODUCTS/society/gk-soc-119-4.png,https://goldenkicks.co.mz/assets/PRODUCTS/society/gk-soc-119-5.png,https://goldenkicks.co.mz/assets/PRODUCTS/society/gk-soc-119-6.png
GK-SOC-120,Puma Ultra Ultimate TF #367,Puma,Velocidade,Academy,Chuteiras,TF,4500,Crimson / Bone,"35, 36, 37, 38, 39, 40, 41, 42, 43, 44, 45, 46",Edição Academy desenhada para tração elite e controlo superior no relvado TF. Tamanhos disponíveis do 35 ao 46.,Stock Verificado,https://goldenkicks.co.mz/assets/PRODUCTS/society/gk-soc-120-1.png,https://goldenkicks.co.mz/assets/PRODUCTS/society/gk-soc-120-2.png,https://goldenkicks.co.mz/assets/PRODUCTS/society/gk-soc-120-3.png,https://goldenkicks.co.mz/assets/PRODUCTS/society/gk-soc-120-4.png,https://goldenkicks.co.mz/assets/PRODUCTS/society/gk-soc-120-5.png,https://goldenkicks.co.mz/assets/PRODUCTS/society/gk-soc-120-6.png
GK-SOC-121,New Balance Tekela V4 Pro TF #371,New Balance,Controlo,Academy,Chuteiras,TF,12500,Navy / Volt,"35, 36, 37, 38, 39, 40, 41, 42, 43, 44, 45, 46",Edição Academy desenhada para tração elite e controlo superior no relvado TF. Tamanhos disponíveis do 35 ao 46.,Mais Vendido,https://goldenkicks.co.mz/assets/PRODUCTS/society/gk-soc-121-1.png,https://goldenkicks.co.mz/assets/PRODUCTS/society/gk-soc-121-2.png,https://goldenkicks.co.mz/assets/PRODUCTS/society/gk-soc-121-3.png,https://goldenkicks.co.mz/assets/PRODUCTS/society/gk-soc-121-4.png,https://goldenkicks.co.mz/assets/PRODUCTS/society/gk-soc-121-5.png,https://goldenkicks.co.mz/assets/PRODUCTS/society/gk-soc-121-6.png
GK-SOC-122,Nike Mercurial Vapor 16 TF #374,Nike,Velocidade,Club,Chuteiras,TF,15800,Phantom / Gold,"35, 36, 37, 38, 39, 40, 41, 42, 43, 44, 45, 46",Edição Club desenhada para tração elite e controlo superior no relvado TF. Tamanhos disponíveis do 35 ao 46.,Stock Verificado,https://goldenkicks.co.mz/assets/PRODUCTS/society/gk-soc-122-1.png,https://goldenkicks.co.mz/assets/PRODUCTS/society/gk-soc-122-2.png,https://goldenkicks.co.mz/assets/PRODUCTS/society/gk-soc-122-3.png,https://goldenkicks.co.mz/assets/PRODUCTS/society/gk-soc-122-4.png,https://goldenkicks.co.mz/assets/PRODUCTS/society/gk-soc-122-5.png,https://goldenkicks.co.mz/assets/PRODUCTS/society/gk-soc-122-6.png
GK-SOC-123,Mizuno Morelia Neo IV TF #378,Mizuno,Clássico,Academy,Chuteiras,TF,15800,White / Gold,"35, 36, 37, 38, 39, 40, 41, 42, 43, 44, 45, 46",Edição Academy desenhada para tração elite e controlo superior no relvado TF. Tamanhos disponíveis do 35 ao 46.,Mais Vendido,https://goldenkicks.co.mz/assets/PRODUCTS/society/gk-soc-123-1.png,https://goldenkicks.co.mz/assets/PRODUCTS/society/gk-soc-123-2.png,https://goldenkicks.co.mz/assets/PRODUCTS/society/gk-soc-123-3.png,https://goldenkicks.co.mz/assets/PRODUCTS/society/gk-soc-123-4.png,https://goldenkicks.co.mz/assets/PRODUCTS/society/gk-soc-123-5.png,https://goldenkicks.co.mz/assets/PRODUCTS/society/gk-soc-123-6.png
GK-SOC-124,Puma Future Ultimate TF #380,Puma,Agilidade,Academy,Chuteiras,TF,4500,Phantom / Gold,"35, 36, 37, 38, 39, 40, 41, 42, 43, 44, 45, 46",Edição Academy desenhada para tração elite e controlo superior no relvado TF. Tamanhos disponíveis do 35 ao 46.,Edição Especial,https://goldenkicks.co.mz/assets/PRODUCTS/society/gk-soc-124-1.png,https://goldenkicks.co.mz/assets/PRODUCTS/society/gk-soc-124-2.png,https://goldenkicks.co.mz/assets/PRODUCTS/society/gk-soc-124-3.png,https://goldenkicks.co.mz/assets/PRODUCTS/society/gk-soc-124-4.png,https://goldenkicks.co.mz/assets/PRODUCTS/society/gk-soc-124-5.png,https://goldenkicks.co.mz/assets/PRODUCTS/society/gk-soc-124-6.png
GK-SOC-125,Joma Top Flex Rebound TF #382,Joma,Clássico,Academy,Chuteiras,TF,4500,Phantom / Gold,"35, 36, 37, 38, 39, 40, 41, 42, 43, 44, 45, 46",Edição Academy desenhada para tração elite e controlo superior no relvado TF. Tamanhos disponíveis do 35 ao 46.,Stock Verificado,https://goldenkicks.co.mz/assets/PRODUCTS/society/gk-soc-125-1.png,https://goldenkicks.co.mz/assets/PRODUCTS/society/gk-soc-125-2.png,https://goldenkicks.co.mz/assets/PRODUCTS/society/gk-soc-125-3.png,https://goldenkicks.co.mz/assets/PRODUCTS/society/gk-soc-125-4.png,https://goldenkicks.co.mz/assets/PRODUCTS/society/gk-soc-125-5.png,https://goldenkicks.co.mz/assets/PRODUCTS/society/gk-soc-125-6.png
GK-SOC-126,Nike Phantom GX 2 TF #383,Nike,Controlo,Academy,Chuteiras,TF,6800,Navy / Volt,"35, 36, 37, 38, 39, 40, 41, 42, 43, 44, 45, 46",Edição Academy desenhada para tração elite e controlo superior no relvado TF. Tamanhos disponíveis do 35 ao 46.,Stock Verificado,https://goldenkicks.co.mz/assets/PRODUCTS/society/gk-soc-126-1.png,https://goldenkicks.co.mz/assets/PRODUCTS/society/gk-soc-126-2.png,https://goldenkicks.co.mz/assets/PRODUCTS/society/gk-soc-126-3.png,https://goldenkicks.co.mz/assets/PRODUCTS/society/gk-soc-126-4.png,https://goldenkicks.co.mz/assets/PRODUCTS/society/gk-soc-126-5.png,https://goldenkicks.co.mz/assets/PRODUCTS/society/gk-soc-126-6.png
GK-SOC-127,Nike Phantom GX 2 TF #385,Nike,Controlo,Elite,Chuteiras,TF,8900,Crimson / Bone,"35, 36, 37, 38, 39, 40, 41, 42, 43, 44, 45, 46",Edição Elite desenhada para tração elite e controlo superior no relvado TF. Tamanhos disponíveis do 35 ao 46.,Mais Vendido,https://goldenkicks.co.mz/assets/PRODUCTS/society/gk-soc-127-1.png,https://goldenkicks.co.mz/assets/PRODUCTS/society/gk-soc-127-2.png,https://goldenkicks.co.mz/assets/PRODUCTS/society/gk-soc-127-3.png,https://goldenkicks.co.mz/assets/PRODUCTS/society/gk-soc-127-4.png,https://goldenkicks.co.mz/assets/PRODUCTS/society/gk-soc-127-5.png,https://goldenkicks.co.mz/assets/PRODUCTS/society/gk-soc-127-6.png
GK-SOC-128,Adidas Predator Elite TF #392,Adidas,Precisão,Pro,Chuteiras,TF,6800,White / Gold,"35, 36, 37, 38, 39, 40, 41, 42, 43, 44, 45, 46",Edição Pro desenhada para tração elite e controlo superior no relvado TF. Tamanhos disponíveis do 35 ao 46.,Mais Vendido,https://goldenkicks.co.mz/assets/PRODUCTS/society/gk-soc-128-1.png,https://goldenkicks.co.mz/assets/PRODUCTS/society/gk-soc-128-2.png,https://goldenkicks.co.mz/assets/PRODUCTS/society/gk-soc-128-3.png,https://goldenkicks.co.mz/assets/PRODUCTS/society/gk-soc-128-4.png,https://goldenkicks.co.mz/assets/PRODUCTS/society/gk-soc-128-5.png,https://goldenkicks.co.mz/assets/PRODUCTS/society/gk-soc-128-6.png
GK-SOC-129,Mizuno Morelia Neo IV TF #400,Mizuno,Clássico,Pro,Chuteiras,TF,18500,Volt / Silver,"35, 36, 37, 38, 39, 40, 41, 42, 43, 44, 45, 46",Edição Pro desenhada para tração elite e controlo superior no relvado TF. Tamanhos disponíveis do 35 ao 46.,Edição Especial,https://goldenkicks.co.mz/assets/PRODUCTS/society/gk-soc-129-1.png,https://goldenkicks.co.mz/assets/PRODUCTS/society/gk-soc-129-2.png,https://goldenkicks.co.mz/assets/PRODUCTS/society/gk-soc-129-3.png,https://goldenkicks.co.mz/assets/PRODUCTS/society/gk-soc-129-4.png,https://goldenkicks.co.mz/assets/PRODUCTS/society/gk-soc-129-5.png,https://goldenkicks.co.mz/assets/PRODUCTS/society/gk-soc-129-6.png
GK-SOC-130,Puma Future Ultimate TF #403,Puma,Agilidade,Elite,Chuteiras,TF,18500,Navy / Volt,"35, 36, 37, 38, 39, 40, 41, 42, 43, 44, 45, 46",Edição Elite desenhada para tração elite e controlo superior no relvado TF. Tamanhos disponíveis do 35 ao 46.,Stock Verificado,https://goldenkicks.co.mz/assets/PRODUCTS/society/gk-soc-130-1.png,https://goldenkicks.co.mz/assets/PRODUCTS/society/gk-soc-130-2.png,https://goldenkicks.co.mz/assets/PRODUCTS/society/gk-soc-130-3.png,https://goldenkicks.co.mz/assets/PRODUCTS/society/gk-soc-130-4.png,https://goldenkicks.co.mz/assets/PRODUCTS/society/gk-soc-130-5.png,https://goldenkicks.co.mz/assets/PRODUCTS/society/gk-soc-130-6.png
GK-SOC-131,New Balance Tekela V4 Pro TF #404,New Balance,Controlo,Pro,Chuteiras,TF,6800,Triple Black,"35, 36, 37, 38, 39, 40, 41, 42, 43, 44, 45, 46",Edição Pro desenhada para tração elite e controlo superior no relvado TF. Tamanhos disponíveis do 35 ao 46.,Stock Verificado,https://goldenkicks.co.mz/assets/PRODUCTS/society/gk-soc-131-1.png,https://goldenkicks.co.mz/assets/PRODUCTS/society/gk-soc-131-2.png,https://goldenkicks.co.mz/assets/PRODUCTS/society/gk-soc-131-3.png,https://goldenkicks.co.mz/assets/PRODUCTS/society/gk-soc-131-4.png,https://goldenkicks.co.mz/assets/PRODUCTS/society/gk-soc-131-5.png,https://goldenkicks.co.mz/assets/PRODUCTS/society/gk-soc-131-6.png
GK-SOC-132,New Balance Tekela V4 Pro TF #408,New Balance,Controlo,Pro,Chuteiras,TF,8900,Phantom / Gold,"35, 36, 37, 38, 39, 40, 41, 42, 43, 44, 45, 46",Edição Pro desenhada para tração elite e controlo superior no relvado TF. Tamanhos disponíveis do 35 ao 46.,Stock Verificado,https://goldenkicks.co.mz/assets/PRODUCTS/society/gk-soc-132-1.png,https://goldenkicks.co.mz/assets/PRODUCTS/society/gk-soc-132-2.png,https://goldenkicks.co.mz/assets/PRODUCTS/society/gk-soc-132-3.png,https://goldenkicks.co.mz/assets/PRODUCTS/society/gk-soc-132-4.png,https://goldenkicks.co.mz/assets/PRODUCTS/society/gk-soc-132-5.png,https://goldenkicks.co.mz/assets/PRODUCTS/society/gk-soc-132-6.png
GK-SOC-133,New Balance Furon V7 Pro TF #409,New Balance,Velocidade,Academy,Chuteiras,TF,8900,Crimson / Bone,"35, 36, 37, 38, 39, 40, 41, 42, 43, 44, 45, 46",Edição Academy desenhada para tração elite e controlo superior no relvado TF. Tamanhos disponíveis do 35 ao 46.,Stock Verificado,https://goldenkicks.co.mz/assets/PRODUCTS/society/gk-soc-133-1.png,https://goldenkicks.co.mz/assets/PRODUCTS/society/gk-soc-133-2.png,https://goldenkicks.co.mz/assets/PRODUCTS/society/gk-soc-133-3.png,https://goldenkicks.co.mz/assets/PRODUCTS/society/gk-soc-133-4.png,https://goldenkicks.co.mz/assets/PRODUCTS/society/gk-soc-133-5.png,https://goldenkicks.co.mz/assets/PRODUCTS/society/gk-soc-133-6.png
GK-SOC-134,Puma Future Ultimate TF #411,Puma,Agilidade,Pro,Chuteiras,TF,8900,White / Gold,"35, 36, 37, 38, 39, 40, 41, 42, 43, 44, 45, 46",Edição Pro desenhada para tração elite e controlo superior no relvado TF. Tamanhos disponíveis do 35 ao 46.,Stock Verificado,https://goldenkicks.co.mz/assets/PRODUCTS/society/gk-soc-134-1.png,https://goldenkicks.co.mz/assets/PRODUCTS/society/gk-soc-134-2.png,https://goldenkicks.co.mz/assets/PRODUCTS/society/gk-soc-134-3.png,https://goldenkicks.co.mz/assets/PRODUCTS/society/gk-soc-134-4.png,https://goldenkicks.co.mz/assets/PRODUCTS/society/gk-soc-134-5.png,https://goldenkicks.co.mz/assets/PRODUCTS/society/gk-soc-134-6.png
GK-SOC-135,Nike Phantom GX 2 TF #415,Nike,Controlo,Academy,Chuteiras,TF,12500,Volt / Silver,"35, 36, 37, 38, 39, 40, 41, 42, 43, 44, 45, 46",Edição Academy desenhada para tração elite e controlo superior no relvado TF. Tamanhos disponíveis do 35 ao 46.,Stock Verificado,https://goldenkicks.co.mz/assets/PRODUCTS/society/gk-soc-135-1.png,https://goldenkicks.co.mz/assets/PRODUCTS/society/gk-soc-135-2.png,https://goldenkicks.co.mz/assets/PRODUCTS/society/gk-soc-135-3.png,https://goldenkicks.co.mz/assets/PRODUCTS/society/gk-soc-135-4.png,https://goldenkicks.co.mz/assets/PRODUCTS/society/gk-soc-135-5.png,https://goldenkicks.co.mz/assets/PRODUCTS/society/gk-soc-135-6.png
GK-SOC-136,New Balance Tekela V4 Pro TF #416,New Balance,Controlo,Elite,Chuteiras,TF,4500,Black / Gold,"35, 36, 37, 38, 39, 40, 41, 42, 43, 44, 45, 46",Edição Elite desenhada para tração elite e controlo superior no relvado TF. Tamanhos disponíveis do 35 ao 46.,Stock Verificado,https://goldenkicks.co.mz/assets/PRODUCTS/society/gk-soc-136-1.png,https://goldenkicks.co.mz/assets/PRODUCTS/society/gk-soc-136-2.png,https://goldenkicks.co.mz/assets/PRODUCTS/society/gk-soc-136-3.png,https://goldenkicks.co.mz/assets/PRODUCTS/society/gk-soc-136-4.png,https://goldenkicks.co.mz/assets/PRODUCTS/society/gk-soc-136-5.png,https://goldenkicks.co.mz/assets/PRODUCTS/society/gk-soc-136-6.png
GK-SOC-137,Adidas F50 League TF #417,Adidas,Velocidade,Club,Chuteiras,TF,18500,Navy / Volt,"35, 36, 37, 38, 39, 40, 41, 42, 43, 44, 45, 46",Edição Club desenhada para tração elite e controlo superior no relvado TF. Tamanhos disponíveis do 35 ao 46.,Stock Verificado,https://goldenkicks.co.mz/assets/PRODUCTS/society/gk-soc-137-1.png,https://goldenkicks.co.mz/assets/PRODUCTS/society/gk-soc-137-2.png,https://goldenkicks.co.mz/assets/PRODUCTS/society/gk-soc-137-3.png,https://goldenkicks.co.mz/assets/PRODUCTS/society/gk-soc-137-4.png,https://goldenkicks.co.mz/assets/PRODUCTS/society/gk-soc-137-5.png,https://goldenkicks.co.mz/assets/PRODUCTS/society/gk-soc-137-6.png
GK-SOC-138,Puma Future Ultimate TF #420,Puma,Agilidade,Elite,Chuteiras,TF,18500,Volt / Silver,"35, 36, 37, 38, 39, 40, 41, 42, 43, 44, 45, 46",Edição Elite desenhada para tração elite e controlo superior no relvado TF. Tamanhos disponíveis do 35 ao 46.,Edição Especial,https://goldenkicks.co.mz/assets/PRODUCTS/society/gk-soc-138-1.png,https://goldenkicks.co.mz/assets/PRODUCTS/society/gk-soc-138-2.png,https://goldenkicks.co.mz/assets/PRODUCTS/society/gk-soc-138-3.png,https://goldenkicks.co.mz/assets/PRODUCTS/society/gk-soc-138-4.png,https://goldenkicks.co.mz/assets/PRODUCTS/society/gk-soc-138-5.png,https://goldenkicks.co.mz/assets/PRODUCTS/society/gk-soc-138-6.png
GK-SOC-139,Puma Future Ultimate TF #422,Puma,Agilidade,Club,Chuteiras,TF,4500,Volt / Silver,"35, 36, 37, 38, 39, 40, 41, 42, 43, 44, 45, 46",Edição Club desenhada para tração elite e controlo superior no relvado TF. Tamanhos disponíveis do 35 ao 46.,Stock Verificado,https://goldenkicks.co.mz/assets/PRODUCTS/society/gk-soc-139-1.png,https://goldenkicks.co.mz/assets/PRODUCTS/society/gk-soc-139-2.png,https://goldenkicks.co.mz/assets/PRODUCTS/society/gk-soc-139-3.png,https://goldenkicks.co.mz/assets/PRODUCTS/society/gk-soc-139-4.png,https://goldenkicks.co.mz/assets/PRODUCTS/society/gk-soc-139-5.png,https://goldenkicks.co.mz/assets/PRODUCTS/society/gk-soc-139-6.png
GK-SOC-140,New Balance Tekela V4 Pro TF #429,New Balance,Controlo,Pro,Chuteiras,TF,12500,Black / Gold,"35, 36, 37, 38, 39, 40, 41, 42, 43, 44, 45, 46",Edição Pro desenhada para tração elite e controlo superior no relvado TF. Tamanhos disponíveis do 35 ao 46.,Stock Verificado,https://goldenkicks.co.mz/assets/PRODUCTS/society/gk-soc-140-1.png,https://goldenkicks.co.mz/assets/PRODUCTS/society/gk-soc-140-2.png,https://goldenkicks.co.mz/assets/PRODUCTS/society/gk-soc-140-3.png,https://goldenkicks.co.mz/assets/PRODUCTS/society/gk-soc-140-4.png,https://goldenkicks.co.mz/assets/PRODUCTS/society/gk-soc-140-5.png,https://goldenkicks.co.mz/assets/PRODUCTS/society/gk-soc-140-6.png
GK-SOC-141,Puma Future Ultimate TF #430,Puma,Agilidade,Elite,Chuteiras,TF,4500,Triple Black,"35, 36, 37, 38, 39, 40, 41, 42, 43, 44, 45, 46",Edição Elite desenhada para tração elite e controlo superior no relvado TF. Tamanhos disponíveis do 35 ao 46.,Edição Especial,https://goldenkicks.co.mz/assets/PRODUCTS/society/gk-soc-141-1.png,https://goldenkicks.co.mz/assets/PRODUCTS/society/gk-soc-141-2.png,https://goldenkicks.co.mz/assets/PRODUCTS/society/gk-soc-141-3.png,https://goldenkicks.co.mz/assets/PRODUCTS/society/gk-soc-141-4.png,https://goldenkicks.co.mz/assets/PRODUCTS/society/gk-soc-141-5.png,https://goldenkicks.co.mz/assets/PRODUCTS/society/gk-soc-141-6.png
GK-SOC-142,Puma Ultra Ultimate TF #431,Puma,Velocidade,Pro,Chuteiras,TF,21500,Volt / Silver,"35, 36, 37, 38, 39, 40, 41, 42, 43, 44, 45, 46",Edição Pro desenhada para tração elite e controlo superior no relvado TF. Tamanhos disponíveis do 35 ao 46.,Stock Verificado,https://goldenkicks.co.mz/assets/PRODUCTS/society/gk-soc-142-1.png,https://goldenkicks.co.mz/assets/PRODUCTS/society/gk-soc-142-2.png,https://goldenkicks.co.mz/assets/PRODUCTS/society/gk-soc-142-3.png,https://goldenkicks.co.mz/assets/PRODUCTS/society/gk-soc-142-4.png,https://goldenkicks.co.mz/assets/PRODUCTS/society/gk-soc-142-5.png,https://goldenkicks.co.mz/assets/PRODUCTS/society/gk-soc-142-6.png
GK-SOC-143,Adidas F50 League TF #432,Adidas,Velocidade,Academy,Chuteiras,TF,21500,White / Gold,"35, 36, 37, 38, 39, 40, 41, 42, 43, 44, 45, 46",Edição Academy desenhada para tração elite e controlo superior no relvado TF. Tamanhos disponíveis do 35 ao 46.,Stock Verificado,https://goldenkicks.co.mz/assets/PRODUCTS/society/gk-soc-143-1.png,https://goldenkicks.co.mz/assets/PRODUCTS/society/gk-soc-143-2.png,https://goldenkicks.co.mz/assets/PRODUCTS/society/gk-soc-143-3.png,https://goldenkicks.co.mz/assets/PRODUCTS/society/gk-soc-143-4.png,https://goldenkicks.co.mz/assets/PRODUCTS/society/gk-soc-143-5.png,https://goldenkicks.co.mz/assets/PRODUCTS/society/gk-soc-143-6.png
GK-SOC-144,New Balance Tekela V4 Pro TF #434,New Balance,Controlo,Club,Chuteiras,TF,12500,Crimson / Bone,"35, 36, 37, 38, 39, 40, 41, 42, 43, 44, 45, 46",Edição Club desenhada para tração elite e controlo superior no relvado TF. Tamanhos disponíveis do 35 ao 46.,Mais Vendido,https://goldenkicks.co.mz/assets/PRODUCTS/society/gk-soc-144-1.png,https://goldenkicks.co.mz/assets/PRODUCTS/society/gk-soc-144-2.png,https://goldenkicks.co.mz/assets/PRODUCTS/society/gk-soc-144-3.png,https://goldenkicks.co.mz/assets/PRODUCTS/society/gk-soc-144-4.png,https://goldenkicks.co.mz/assets/PRODUCTS/society/gk-soc-144-5.png,https://goldenkicks.co.mz/assets/PRODUCTS/society/gk-soc-144-6.png
GK-SOC-145,Joma Top Flex Rebound TF #439,Joma,Clássico,Pro,Chuteiras,TF,6800,Volt / Silver,"35, 36, 37, 38, 39, 40, 41, 42, 43, 44, 45, 46",Edição Pro desenhada para tração elite e controlo superior no relvado TF. Tamanhos disponíveis do 35 ao 46.,Stock Verificado,https://goldenkicks.co.mz/assets/PRODUCTS/society/gk-soc-145-1.png,https://goldenkicks.co.mz/assets/PRODUCTS/society/gk-soc-145-2.png,https://goldenkicks.co.mz/assets/PRODUCTS/society/gk-soc-145-3.png,https://goldenkicks.co.mz/assets/PRODUCTS/society/gk-soc-145-4.png,https://goldenkicks.co.mz/assets/PRODUCTS/society/gk-soc-145-5.png,https://goldenkicks.co.mz/assets/PRODUCTS/society/gk-soc-145-6.png
GK-SOC-146,Nike Mercurial Vapor 16 TF #440,Nike,Velocidade,Club,Chuteiras,TF,6800,Navy / Volt,"35, 36, 37, 38, 39, 40, 41, 42, 43, 44, 45, 46",Edição Club desenhada para tração elite e controlo superior no relvado TF. Tamanhos disponíveis do 35 ao 46.,Edição Especial,https://goldenkicks.co.mz/assets/PRODUCTS/society/gk-soc-146-1.png,https://goldenkicks.co.mz/assets/PRODUCTS/society/gk-soc-146-2.png,https://goldenkicks.co.mz/assets/PRODUCTS/society/gk-soc-146-3.png,https://goldenkicks.co.mz/assets/PRODUCTS/society/gk-soc-146-4.png,https://goldenkicks.co.mz/assets/PRODUCTS/society/gk-soc-146-5.png,https://goldenkicks.co.mz/assets/PRODUCTS/society/gk-soc-146-6.png
GK-SOC-147,Nike Phantom GX 2 TF #444,Nike,Controlo,Elite,Chuteiras,TF,18500,Phantom / Gold,"35, 36, 37, 38, 39, 40, 41, 42, 43, 44, 45, 46",Edição Elite desenhada para tração elite e controlo superior no relvado TF. Tamanhos disponíveis do 35 ao 46.,Stock Verificado,https://goldenkicks.co.mz/assets/PRODUCTS/society/gk-soc-147-1.png,https://goldenkicks.co.mz/assets/PRODUCTS/society/gk-soc-147-2.png,https://goldenkicks.co.mz/assets/PRODUCTS/society/gk-soc-147-3.png,https://goldenkicks.co.mz/assets/PRODUCTS/society/gk-soc-147-4.png,https://goldenkicks.co.mz/assets/PRODUCTS/society/gk-soc-147-5.png,https://goldenkicks.co.mz/assets/PRODUCTS/society/gk-soc-147-6.png
GK-SOC-148,Puma Ultra Ultimate TF #445,Puma,Velocidade,Club,Chuteiras,TF,19200,Triple Black,"35, 36, 37, 38, 39, 40, 41, 42, 43, 44, 45, 46",Edição Club desenhada para tração elite e controlo superior no relvado TF. Tamanhos disponíveis do 35 ao 46.,Stock Verificado,https://goldenkicks.co.mz/assets/PRODUCTS/society/gk-soc-148-1.png,https://goldenkicks.co.mz/assets/PRODUCTS/society/gk-soc-148-2.png,https://goldenkicks.co.mz/assets/PRODUCTS/society/gk-soc-148-3.png,https://goldenkicks.co.mz/assets/PRODUCTS/society/gk-soc-148-4.png,https://goldenkicks.co.mz/assets/PRODUCTS/society/gk-soc-148-5.png,https://goldenkicks.co.mz/assets/PRODUCTS/society/gk-soc-148-6.png
GK-SOC-149,New Balance Tekela V4 Pro TF #446,New Balance,Controlo,Academy,Chuteiras,TF,6800,White / Gold,"35, 36, 37, 38, 39, 40, 41, 42, 43, 44, 45, 46",Edição Academy desenhada para tração elite e controlo superior no relvado TF. Tamanhos disponíveis do 35 ao 46.,Stock Verificado,https://goldenkicks.co.mz/assets/PRODUCTS/society/gk-soc-149-1.png,https://goldenkicks.co.mz/assets/PRODUCTS/society/gk-soc-149-2.png,https://goldenkicks.co.mz/assets/PRODUCTS/society/gk-soc-149-3.png,https://goldenkicks.co.mz/assets/PRODUCTS/society/gk-soc-149-4.png,https://goldenkicks.co.mz/assets/PRODUCTS/society/gk-soc-149-5.png,https://goldenkicks.co.mz/assets/PRODUCTS/society/gk-soc-149-6.png
GK-SOC-150,Mizuno Morelia Neo IV TF #450,Mizuno,Clássico,Club,Chuteiras,TF,19200,White / Gold,"35, 36, 37, 38, 39, 40, 41, 42, 43, 44, 45, 46",Edição Club desenhada para tração elite e controlo superior no relvado TF. Tamanhos disponíveis do 35 ao 46.,Edição Especial,https://goldenkicks.co.mz/assets/PRODUCTS/society/gk-soc-150-1.png,https://goldenkicks.co.mz/assets/PRODUCTS/society/gk-soc-150-2.png,https://goldenkicks.co.mz/assets/PRODUCTS/society/gk-soc-150-3.png,https://goldenkicks.co.mz/assets/PRODUCTS/society/gk-soc-150-4.png,https://goldenkicks.co.mz/assets/PRODUCTS/society/gk-soc-150-5.png,https://goldenkicks.co.mz/assets/PRODUCTS/society/gk-soc-150-6.png
GK-SOC-151,Puma Ultra Ultimate TF #452,Puma,Velocidade,Club,Chuteiras,TF,15800,Crimson / Bone,"35, 36, 37, 38, 39, 40, 41, 42, 43, 44, 45, 46",Edição Club desenhada para tração elite e controlo superior no relvado TF. Tamanhos disponíveis do 35 ao 46.,Stock Verificado,https://goldenkicks.co.mz/assets/PRODUCTS/society/gk-soc-151-1.png,https://goldenkicks.co.mz/assets/PRODUCTS/society/gk-soc-151-2.png,https://goldenkicks.co.mz/assets/PRODUCTS/society/gk-soc-151-3.png,https://goldenkicks.co.mz/assets/PRODUCTS/society/gk-soc-151-4.png,https://goldenkicks.co.mz/assets/PRODUCTS/society/gk-soc-151-5.png,https://goldenkicks.co.mz/assets/PRODUCTS/society/gk-soc-151-6.png
GK-SOC-152,Puma Future Ultimate TF #453,Puma,Agilidade,Academy,Chuteiras,TF,6800,Navy / Volt,"35, 36, 37, 38, 39, 40, 41, 42, 43, 44, 45, 46",Edição Academy desenhada para tração elite e controlo superior no relvado TF. Tamanhos disponíveis do 35 ao 46.,Stock Verificado,https://goldenkicks.co.mz/assets/PRODUCTS/society/gk-soc-152-1.png,https://goldenkicks.co.mz/assets/PRODUCTS/society/gk-soc-152-2.png,https://goldenkicks.co.mz/assets/PRODUCTS/society/gk-soc-152-3.png,https://goldenkicks.co.mz/assets/PRODUCTS/society/gk-soc-152-4.png,https://goldenkicks.co.mz/assets/PRODUCTS/society/gk-soc-152-5.png,https://goldenkicks.co.mz/assets/PRODUCTS/society/gk-soc-152-6.png
GK-SOC-153,Puma Future Ultimate TF #454,Puma,Agilidade,Academy,Chuteiras,TF,18500,Black / Gold,"35, 36, 37, 38, 39, 40, 41, 42, 43, 44, 45, 46",Edição Academy desenhada para tração elite e controlo superior no relvado TF. Tamanhos disponíveis do 35 ao 46.,Stock Verificado,https://goldenkicks.co.mz/assets/PRODUCTS/society/gk-soc-153-1.png,https://goldenkicks.co.mz/assets/PRODUCTS/society/gk-soc-153-2.png,https://goldenkicks.co.mz/assets/PRODUCTS/society/gk-soc-153-3.png,https://goldenkicks.co.mz/assets/PRODUCTS/society/gk-soc-153-4.png,https://goldenkicks.co.mz/assets/PRODUCTS/society/gk-soc-153-5.png,https://goldenkicks.co.mz/assets/PRODUCTS/society/gk-soc-153-6.png
GK-SOC-154,Mizuno Morelia Neo IV TF #456,Mizuno,Clássico,Club,Chuteiras,TF,19200,White / Gold,"35, 36, 37, 38, 39, 40, 41, 42, 43, 44, 45, 46",Edição Club desenhada para tração elite e controlo superior no relvado TF. Tamanhos disponíveis do 35 ao 46.,Stock Verificado,https://goldenkicks.co.mz/assets/PRODUCTS/society/gk-soc-154-1.png,https://goldenkicks.co.mz/assets/PRODUCTS/society/gk-soc-154-2.png,https://goldenkicks.co.mz/assets/PRODUCTS/society/gk-soc-154-3.png,https://goldenkicks.co.mz/assets/PRODUCTS/society/gk-soc-154-4.png,https://goldenkicks.co.mz/assets/PRODUCTS/society/gk-soc-154-5.png,https://goldenkicks.co.mz/assets/PRODUCTS/society/gk-soc-154-6.png
GK-SOC-155,Adidas Predator Elite TF #457,Adidas,Precisão,Academy,Chuteiras,TF,19200,Volt / Silver,"35, 36, 37, 38, 39, 40, 41, 42, 43, 44, 45, 46",Edição Academy desenhada para tração elite e controlo superior no relvado TF. Tamanhos disponíveis do 35 ao 46.,Stock Verificado,https://goldenkicks.co.mz/assets/PRODUCTS/society/gk-soc-155-1.png,https://goldenkicks.co.mz/assets/PRODUCTS/society/gk-soc-155-2.png,https://goldenkicks.co.mz/assets/PRODUCTS/society/gk-soc-155-3.png,https://goldenkicks.co.mz/assets/PRODUCTS/society/gk-soc-155-4.png,https://goldenkicks.co.mz/assets/PRODUCTS/society/gk-soc-155-5.png,https://goldenkicks.co.mz/assets/PRODUCTS/society/gk-soc-155-6.png
GK-SOC-156,New Balance Furon V7 Pro TF #470,New Balance,Velocidade,Elite,Chuteiras,TF,12500,Phantom / Gold,"35, 36, 37, 38, 39, 40, 41, 42, 43, 44, 45, 46",Edição Elite desenhada para tração elite e controlo superior no relvado TF. Tamanhos disponíveis do 35 ao 46.,Edição Especial,https://goldenkicks.co.mz/assets/PRODUCTS/society/gk-soc-156-1.png,https://goldenkicks.co.mz/assets/PRODUCTS/society/gk-soc-156-2.png,https://goldenkicks.co.mz/assets/PRODUCTS/society/gk-soc-156-3.png,https://goldenkicks.co.mz/assets/PRODUCTS/society/gk-soc-156-4.png,https://goldenkicks.co.mz/assets/PRODUCTS/society/gk-soc-156-5.png,https://goldenkicks.co.mz/assets/PRODUCTS/society/gk-soc-156-6.png
GK-SOC-157,Nike Mercurial Vapor 16 TF #471,Nike,Velocidade,Club,Chuteiras,TF,18500,Crimson / Bone,"35, 36, 37, 38, 39, 40, 41, 42, 43, 44, 45, 46",Edição Club desenhada para tração elite e controlo superior no relvado TF. Tamanhos disponíveis do 35 ao 46.,Stock Verificado,https://goldenkicks.co.mz/assets/PRODUCTS/society/gk-soc-157-1.png,https://goldenkicks.co.mz/assets/PRODUCTS/society/gk-soc-157-2.png,https://goldenkicks.co.mz/assets/PRODUCTS/society/gk-soc-157-3.png,https://goldenkicks.co.mz/assets/PRODUCTS/society/gk-soc-157-4.png,https://goldenkicks.co.mz/assets/PRODUCTS/society/gk-soc-157-5.png,https://goldenkicks.co.mz/assets/PRODUCTS/society/gk-soc-157-6.png
GK-SOC-158,Nike Phantom GX 2 TF #477,Nike,Controlo,Club,Chuteiras,TF,19200,Triple Black,"35, 36, 37, 38, 39, 40, 41, 42, 43, 44, 45, 46",Edição Club desenhada para tração elite e controlo superior no relvado TF. Tamanhos disponíveis do 35 ao 46.,Stock Verificado,https://goldenkicks.co.mz/assets/PRODUCTS/society/gk-soc-158-1.png,https://goldenkicks.co.mz/assets/PRODUCTS/society/gk-soc-158-2.png,https://goldenkicks.co.mz/assets/PRODUCTS/society/gk-soc-158-3.png,https://goldenkicks.co.mz/assets/PRODUCTS/society/gk-soc-158-4.png,https://goldenkicks.co.mz/assets/PRODUCTS/society/gk-soc-158-5.png,https://goldenkicks.co.mz/assets/PRODUCTS/society/gk-soc-158-6.png
GK-SOC-159,Puma Ultra Ultimate TF #479,Puma,Velocidade,Pro,Chuteiras,TF,4500,Navy / Volt,"35, 36, 37, 38, 39, 40, 41, 42, 43, 44, 45, 46",Edição Pro desenhada para tração elite e controlo superior no relvado TF. Tamanhos disponíveis do 35 ao 46.,Stock Verificado,https://goldenkicks.co.mz/assets/PRODUCTS/society/gk-soc-159-1.png,https://goldenkicks.co.mz/assets/PRODUCTS/society/gk-soc-159-2.png,https://goldenkicks.co.mz/assets/PRODUCTS/society/gk-soc-159-3.png,https://goldenkicks.co.mz/assets/PRODUCTS/society/gk-soc-159-4.png,https://goldenkicks.co.mz/assets/PRODUCTS/society/gk-soc-159-5.png,https://goldenkicks.co.mz/assets/PRODUCTS/society/gk-soc-159-6.png
GK-SOC-160,Joma Top Flex Rebound TF #483,Joma,Clássico,Academy,Chuteiras,TF,12500,Navy / Volt,"35, 36, 37, 38, 39, 40, 41, 42, 43, 44, 45, 46",Edição Academy desenhada para tração elite e controlo superior no relvado TF. Tamanhos disponíveis do 35 ao 46.,Mais Vendido,https://goldenkicks.co.mz/assets/PRODUCTS/society/gk-soc-160-1.png,https://goldenkicks.co.mz/assets/PRODUCTS/society/gk-soc-160-2.png,https://goldenkicks.co.mz/assets/PRODUCTS/society/gk-soc-160-3.png,https://goldenkicks.co.mz/assets/PRODUCTS/society/gk-soc-160-4.png,https://goldenkicks.co.mz/assets/PRODUCTS/society/gk-soc-160-5.png,https://goldenkicks.co.mz/assets/PRODUCTS/society/gk-soc-160-6.png
GK-SOC-161,Puma Future Ultimate TF #485,Puma,Agilidade,Pro,Chuteiras,TF,18500,White / Gold,"35, 36, 37, 38, 39, 40, 41, 42, 43, 44, 45, 46",Edição Pro desenhada para tração elite e controlo superior no relvado TF. Tamanhos disponíveis do 35 ao 46.,Stock Verificado,https://goldenkicks.co.mz/assets/PRODUCTS/society/gk-soc-161-1.png,https://goldenkicks.co.mz/assets/PRODUCTS/society/gk-soc-161-2.png,https://goldenkicks.co.mz/assets/PRODUCTS/society/gk-soc-161-3.png,https://goldenkicks.co.mz/assets/PRODUCTS/society/gk-soc-161-4.png,https://goldenkicks.co.mz/assets/PRODUCTS/society/gk-soc-161-5.png,https://goldenkicks.co.mz/assets/PRODUCTS/society/gk-soc-161-6.png
GK-SOC-162,Adidas F50 League TF #486,Adidas,Velocidade,Academy,Chuteiras,TF,12500,Phantom / Gold,"35, 36, 37, 38, 39, 40, 41, 42, 43, 44, 45, 46",Edição Academy desenhada para tração elite e controlo superior no relvado TF. Tamanhos disponíveis do 35 ao 46.,Stock Verificado,https://goldenkicks.co.mz/assets/PRODUCTS/society/gk-soc-162-1.png,https://goldenkicks.co.mz/assets/PRODUCTS/society/gk-soc-162-2.png,https://goldenkicks.co.mz/assets/PRODUCTS/society/gk-soc-162-3.png,https://goldenkicks.co.mz/assets/PRODUCTS/society/gk-soc-162-4.png,https://goldenkicks.co.mz/assets/PRODUCTS/society/gk-soc-162-5.png,https://goldenkicks.co.mz/assets/PRODUCTS/society/gk-soc-162-6.png
GK-SOC-163,Mizuno Morelia Neo IV TF #489,Mizuno,Clássico,Elite,Chuteiras,TF,18500,Volt / Silver,"35, 36, 37, 38, 39, 40, 41, 42, 43, 44, 45, 46",Edição Elite desenhada para tração elite e controlo superior no relvado TF. Tamanhos disponíveis do 35 ao 46.,Stock Verificado,https://goldenkicks.co.mz/assets/PRODUCTS/society/gk-soc-163-1.png,https://goldenkicks.co.mz/assets/PRODUCTS/society/gk-soc-163-2.png,https://goldenkicks.co.mz/assets/PRODUCTS/society/gk-soc-163-3.png,https://goldenkicks.co.mz/assets/PRODUCTS/society/gk-soc-163-4.png,https://goldenkicks.co.mz/assets/PRODUCTS/society/gk-soc-163-5.png,https://goldenkicks.co.mz/assets/PRODUCTS/society/gk-soc-163-6.png
GK-SOC-164,Nike Phantom GX 2 TF #492,Nike,Controlo,Pro,Chuteiras,TF,21500,Volt / Silver,"35, 36, 37, 38, 39, 40, 41, 42, 43, 44, 45, 46",Edição Pro desenhada para tração elite e controlo superior no relvado TF. Tamanhos disponíveis do 35 ao 46.,Stock Verificado,https://goldenkicks.co.mz/assets/PRODUCTS/society/gk-soc-164-1.png,https://goldenkicks.co.mz/assets/PRODUCTS/society/gk-soc-164-2.png,https://goldenkicks.co.mz/assets/PRODUCTS/society/gk-soc-164-3.png,https://goldenkicks.co.mz/assets/PRODUCTS/society/gk-soc-164-4.png,https://goldenkicks.co.mz/assets/PRODUCTS/society/gk-soc-164-5.png,https://goldenkicks.co.mz/assets/PRODUCTS/society/gk-soc-164-6.png
GK-SOC-165,Nike Mercurial Vapor 16 TF #496,Nike,Velocidade,Pro,Chuteiras,TF,12500,Navy / Volt,"35, 36, 37, 38, 39, 40, 41, 42, 43, 44, 45, 46",Edição Pro desenhada para tração elite e controlo superior no relvado TF. Tamanhos disponíveis do 35 ao 46.,Stock Verificado,https://goldenkicks.co.mz/assets/PRODUCTS/society/gk-soc-165-1.png,https://goldenkicks.co.mz/assets/PRODUCTS/society/gk-soc-165-2.png,https://goldenkicks.co.mz/assets/PRODUCTS/society/gk-soc-165-3.png,https://goldenkicks.co.mz/assets/PRODUCTS/society/gk-soc-165-4.png,https://goldenkicks.co.mz/assets/PRODUCTS/society/gk-soc-165-5.png,https://goldenkicks.co.mz/assets/PRODUCTS/society/gk-soc-165-6.png
GK-SOC-166,Nike Phantom GX 2 TF #498,Nike,Controlo,Club,Chuteiras,TF,6800,Phantom / Gold,"35, 36, 37, 38, 39, 40, 41, 42, 43, 44, 45, 46",Edição Club desenhada para tração elite e controlo superior no relvado TF. Tamanhos disponíveis do 35 ao 46.,Stock Verificado,https://goldenkicks.co.mz/assets/PRODUCTS/society/gk-soc-166-1.png,https://goldenkicks.co.mz/assets/PRODUCTS/society/gk-soc-166-2.png,https://goldenkicks.co.mz/assets/PRODUCTS/society/gk-soc-166-3.png,https://goldenkicks.co.mz/assets/PRODUCTS/society/gk-soc-166-4.png,https://goldenkicks.co.mz/assets/PRODUCTS/society/gk-soc-166-5.png,https://goldenkicks.co.mz/assets/PRODUCTS/society/gk-soc-166-6.png
GK-SOC-167,Mizuno Morelia Neo IV TF #499,Mizuno,Clássico,Academy,Chuteiras,TF,6800,Navy / Volt,"35, 36, 37, 38, 39, 40, 41, 42, 43, 44, 45, 46",Edição Academy desenhada para tração elite e controlo superior no relvado TF. Tamanhos disponíveis do 35 ao 46.,Stock Verificado,https://goldenkicks.co.mz/assets/PRODUCTS/society/gk-soc-167-1.png,https://goldenkicks.co.mz/assets/PRODUCTS/society/gk-soc-167-2.png,https://goldenkicks.co.mz/assets/PRODUCTS/society/gk-soc-167-3.png,https://goldenkicks.co.mz/assets/PRODUCTS/society/gk-soc-167-4.png,https://goldenkicks.co.mz/assets/PRODUCTS/society/gk-soc-167-5.png,https://goldenkicks.co.mz/assets/PRODUCTS/society/gk-soc-167-6.png
